code,duration_hours,device_limit,valid_from,valid_until,is_claimed
6800391,1,2,2026-09-03,2027-09-03,false
7000755,1,2,2026-09-03,2027-09-03,false
8160081,1,2,2026-09-03,2027-09-03,false
5604624,1,2,2026-09-03,2027-09-03,false
9384268,1,2,2026-09-03,2027-09-03,false
7076469,1,2,2026-09-03,2027-09-03,false
5367396,1,2,2026-09-03,2027-09-03,false
0533949,1,2,2026-09-03,2027-09-03,false
6076909,1,2,2026-09-03,2027-09-03,false
0919194,1,2,2026-09-03,2027-09-03,false
6321504,1,2,2026-09-03,2027-09-03,false
3203677,1,2,2026-09-03,2027-09-03,false
0885958,1,2,2026-09-03,2027-09-03,false
0083907,1,2,2026-09-03,2027-09-03,false
5234069,1,2,2026-09-03,2027-09-03,false
8864986,1,2,2026-09-03,2027-09-03,false
5624771,1,2,2026-09-03,2027-09-03,false
6107198,1,2,2026-09-03,2027-09-03,false
1105562,1,2,2026-09-03,2027-09-03,false
8827969,1,2,2026-09-03,2027-09-03,false
9987867,1,2,2026-09-03,2027-09-03,false
3178783,1,2,2026-09-03,2027-09-03,false
3396979,1,2,2026-09-03,2027-09-03,false
8385993,1,2,2026-09-03,2027-09-03,false
5805542,1,2,2026-09-03,2027-09-03,false
1918746,1,2,2026-09-03,2027-09-03,false
9056251,1,2,2026-09-03,2027-09-03,false
8505364,1,2,2026-09-03,2027-09-03,false
6625111,1,2,2026-09-03,2027-09-03,false
9802494,1,2,2026-09-03,2027-09-03,false
2087510,1,2,2026-09-03,2027-09-03,false
0729984,1,2,2026-09-03,2027-09-03,false
9798742,1,2,2026-09-03,2027-09-03,false
0357913,1,2,2026-09-03,2027-09-03,false
5540614,1,2,2026-09-03,2027-09-03,false
3641207,1,2,2026-09-03,2027-09-03,false
9726534,1,2,2026-09-03,2027-09-03,false
2754686,1,2,2026-09-03,2027-09-03,false
9971402,1,2,2026-09-03,2027-09-03,false
1619076,1,2,2026-09-03,2027-09-03,false
0577064,1,2,2026-09-03,2027-09-03,false
3168317,1,2,2026-09-03,2027-09-03,false
1690766,1,2,2026-09-03,2027-09-03,false
7036737,1,2,2026-09-03,2027-09-03,false
2545325,1,2,2026-09-03,2027-09-03,false
0920586,1,2,2026-09-03,2027-09-03,false
0729064,1,2,2026-09-03,2027-09-03,false
8233828,1,2,2026-09-03,2027-09-03,false
8248156,1,2,2026-09-03,2027-09-03,false
2084168,1,2,2026-09-03,2027-09-03,false
5433478,1,2,2026-09-03,2027-09-03,false
4469822,1,2,2026-09-03,2027-09-03,false
9503911,1,2,2026-09-03,2027-09-03,false
7064568,1,2,2026-09-03,2027-09-03,false
3159900,1,2,2026-09-03,2027-09-03,false
0003120,1,2,2026-09-03,2027-09-03,false
1061608,1,2,2026-09-03,2027-09-03,false
4098655,1,2,2026-09-03,2027-09-03,false
5055754,1,2,2026-09-03,2027-09-03,false
8553949,1,2,2026-09-03,2027-09-03,false
1948472,1,2,2026-09-03,2027-09-03,false
1281163,1,2,2026-09-03,2027-09-03,false
7879201,1,2,2026-09-03,2027-09-03,false
9289966,1,2,2026-09-03,2027-09-03,false
3960823,1,2,2026-09-03,2027-09-03,false
7314606,1,2,2026-09-03,2027-09-03,false
5126827,1,2,2026-09-03,2027-09-03,false
9297064,1,2,2026-09-03,2027-09-03,false
2777444,1,2,2026-09-03,2027-09-03,false
4817708,1,2,2026-09-03,2027-09-03,false
4458161,1,2,2026-09-03,2027-09-03,false
5618567,1,2,2026-09-03,2027-09-03,false
3052051,1,2,2026-09-03,2027-09-03,false
8240923,1,2,2026-09-03,2027-09-03,false
9458481,1,2,2026-09-03,2027-09-03,false
5166508,1,2,2026-09-03,2027-09-03,false
3490571,1,2,2026-09-03,2027-09-03,false
7653774,1,2,2026-09-03,2027-09-03,false
3524145,1,2,2026-09-03,2027-09-03,false
6445688,1,2,2026-09-03,2027-09-03,false
8321014,1,2,2026-09-03,2027-09-03,false
0282448,1,2,2026-09-03,2027-09-03,false
2310001,1,2,2026-09-03,2027-09-03,false
3278203,1,2,2026-09-03,2027-09-03,false
2301425,1,2,2026-09-03,2027-09-03,false
7162170,1,2,2026-09-03,2027-09-03,false
2841609,1,2,2026-09-03,2027-09-03,false
8500293,1,2,2026-09-03,2027-09-03,false
5683672,1,2,2026-09-03,2027-09-03,false
3484986,1,2,2026-09-03,2027-09-03,false
0366981,1,2,2026-09-03,2027-09-03,false
8194272,1,2,2026-09-03,2027-09-03,false
5659950,1,2,2026-09-03,2027-09-03,false
7599373,1,2,2026-09-03,2027-09-03,false
9663331,1,2,2026-09-03,2027-09-03,false
4996427,1,2,2026-09-03,2027-09-03,false
5084120,1,2,2026-09-03,2027-09-03,false
9476225,1,2,2026-09-03,2027-09-03,false
2512774,1,2,2026-09-03,2027-09-03,false
6277011,1,2,2026-09-03,2027-09-03,false
6075335,1,2,2026-09-03,2027-09-03,false
1880168,1,2,2026-09-03,2027-09-03,false
3802288,1,2,2026-09-03,2027-09-03,false
9215093,1,2,2026-09-03,2027-09-03,false
1884162,1,2,2026-09-03,2027-09-03,false
8484224,1,2,2026-09-03,2027-09-03,false
2359545,1,2,2026-09-03,2027-09-03,false
1823926,1,2,2026-09-03,2027-09-03,false
3091590,1,2,2026-09-03,2027-09-03,false
2332445,1,2,2026-09-03,2027-09-03,false
2816510,1,2,2026-09-03,2027-09-03,false
6730030,1,2,2026-09-03,2027-09-03,false
1073232,1,2,2026-09-03,2027-09-03,false
7962458,1,2,2026-09-03,2027-09-03,false
3606741,1,2,2026-09-03,2027-09-03,false
4940370,1,2,2026-09-03,2027-09-03,false
5001824,1,2,2026-09-03,2027-09-03,false
3052844,1,2,2026-09-03,2027-09-03,false
6621008,1,2,2026-09-03,2027-09-03,false
7344620,1,2,2026-09-03,2027-09-03,false
3908566,1,2,2026-09-03,2027-09-03,false
9007897,1,2,2026-09-03,2027-09-03,false
2649098,1,2,2026-09-03,2027-09-03,false
3680225,1,2,2026-09-03,2027-09-03,false
3115960,1,2,2026-09-03,2027-09-03,false
0306041,1,2,2026-09-03,2027-09-03,false
3073215,1,2,2026-09-03,2027-09-03,false
7840922,1,2,2026-09-03,2027-09-03,false
1060591,1,2,2026-09-03,2027-09-03,false
5720935,1,2,2026-09-03,2027-09-03,false
3162203,1,2,2026-09-03,2027-09-03,false
2098698,1,2,2026-09-03,2027-09-03,false
0243599,1,2,2026-09-03,2027-09-03,false
4209051,1,2,2026-09-03,2027-09-03,false
5352340,1,2,2026-09-03,2027-09-03,false
6085772,1,2,2026-09-03,2027-09-03,false
4250288,1,2,2026-09-03,2027-09-03,false
9233865,1,2,2026-09-03,2027-09-03,false
1210378,1,2,2026-09-03,2027-09-03,false
6497403,1,2,2026-09-03,2027-09-03,false
2809725,1,2,2026-09-03,2027-09-03,false
1867861,1,2,2026-09-03,2027-09-03,false
8879426,1,2,2026-09-03,2027-09-03,false
4225332,1,2,2026-09-03,2027-09-03,false
2928326,1,2,2026-09-03,2027-09-03,false
4751389,1,2,2026-09-03,2027-09-03,false
6011219,1,2,2026-09-03,2027-09-03,false
0889026,1,2,2026-09-03,2027-09-03,false
6669787,1,2,2026-09-03,2027-09-03,false
1482573,1,2,2026-09-03,2027-09-03,false
3327977,1,2,2026-09-03,2027-09-03,false
0540184,1,2,2026-09-03,2027-09-03,false
0298620,1,2,2026-09-03,2027-09-03,false
2649529,1,2,2026-09-03,2027-09-03,false
1410747,1,2,2026-09-03,2027-09-03,false
1403622,1,2,2026-09-03,2027-09-03,false
5720157,1,2,2026-09-03,2027-09-03,false
6356169,1,2,2026-09-03,2027-09-03,false
6297471,1,2,2026-09-03,2027-09-03,false
4182982,1,2,2026-09-03,2027-09-03,false
9532397,1,2,2026-09-03,2027-09-03,false
4944804,1,2,2026-09-03,2027-09-03,false
4515426,1,2,2026-09-03,2027-09-03,false
1510724,1,2,2026-09-03,2027-09-03,false
4469195,1,2,2026-09-03,2027-09-03,false
8696367,1,2,2026-09-03,2027-09-03,false
7964601,1,2,2026-09-03,2027-09-03,false
4420864,1,2,2026-09-03,2027-09-03,false
5286163,1,2,2026-09-03,2027-09-03,false
2540768,1,2,2026-09-03,2027-09-03,false
6970529,1,2,2026-09-03,2027-09-03,false
5967561,1,2,2026-09-03,2027-09-03,false
8680032,1,2,2026-09-03,2027-09-03,false
0315609,1,2,2026-09-03,2027-09-03,false
3613168,1,2,2026-09-03,2027-09-03,false
3897879,1,2,2026-09-03,2027-09-03,false
4111729,1,2,2026-09-03,2027-09-03,false
9968359,1,2,2026-09-03,2027-09-03,false
3757445,1,2,2026-09-03,2027-09-03,false
2729873,1,2,2026-09-03,2027-09-03,false
1083436,1,2,2026-09-03,2027-09-03,false
5971970,1,2,2026-09-03,2027-09-03,false
8829364,1,2,2026-09-03,2027-09-03,false
2220245,1,2,2026-09-03,2027-09-03,false
1019895,1,2,2026-09-03,2027-09-03,false
9715829,1,2,2026-09-03,2027-09-03,false
1229558,1,2,2026-09-03,2027-09-03,false
2680229,1,2,2026-09-03,2027-09-03,false
9082944,1,2,2026-09-03,2027-09-03,false
8803961,1,2,2026-09-03,2027-09-03,false
3725139,1,2,2026-09-03,2027-09-03,false
2169721,1,2,2026-09-03,2027-09-03,false
9509998,1,2,2026-09-03,2027-09-03,false
9727180,1,2,2026-09-03,2027-09-03,false
4175710,1,2,2026-09-03,2027-09-03,false
4624373,1,2,2026-09-03,2027-09-03,false
6405954,1,2,2026-09-03,2027-09-03,false
1293057,1,2,2026-09-03,2027-09-03,false
8570353,1,2,2026-09-03,2027-09-03,false
0372815,1,2,2026-09-03,2027-09-03,false
3269450,1,2,2026-09-03,2027-09-03,false
2310844,1,2,2026-09-03,2027-09-03,false
2948953,1,2,2026-09-03,2027-09-03,false
8246451,1,2,2026-09-03,2027-09-03,false
1458358,1,2,2026-09-03,2027-09-03,false
5790047,1,2,2026-09-03,2027-09-03,false
4245266,1,2,2026-09-03,2027-09-03,false
2256366,1,2,2026-09-03,2027-09-03,false
2730239,1,2,2026-09-03,2027-09-03,false
1588146,1,2,2026-09-03,2027-09-03,false
9400833,1,2,2026-09-03,2027-09-03,false
7246350,1,2,2026-09-03,2027-09-03,false
1488643,1,2,2026-09-03,2027-09-03,false
1902952,1,2,2026-09-03,2027-09-03,false
9728825,1,2,2026-09-03,2027-09-03,false
0822921,1,2,2026-09-03,2027-09-03,false
2387935,1,2,2026-09-03,2027-09-03,false
5532565,1,2,2026-09-03,2027-09-03,false
5238545,1,2,2026-09-03,2027-09-03,false
1068535,1,2,2026-09-03,2027-09-03,false
9297025,1,2,2026-09-03,2027-09-03,false
2677810,1,2,2026-09-03,2027-09-03,false
5140728,1,2,2026-09-03,2027-09-03,false
8609722,1,2,2026-09-03,2027-09-03,false
7803025,1,2,2026-09-03,2027-09-03,false
0158995,1,2,2026-09-03,2027-09-03,false
3886010,1,2,2026-09-03,2027-09-03,false
1318681,1,2,2026-09-03,2027-09-03,false
9645059,1,2,2026-09-03,2027-09-03,false
7268627,1,2,2026-09-03,2027-09-03,false
9337653,1,2,2026-09-03,2027-09-03,false
5002589,1,2,2026-09-03,2027-09-03,false
7478208,1,2,2026-09-03,2027-09-03,false
9047403,1,2,2026-09-03,2027-09-03,false
1155680,1,2,2026-09-03,2027-09-03,false
8328183,1,2,2026-09-03,2027-09-03,false
3855062,1,2,2026-09-03,2027-09-03,false
1291305,1,2,2026-09-03,2027-09-03,false
5647890,1,2,2026-09-03,2027-09-03,false
5766181,1,2,2026-09-03,2027-09-03,false
6121826,1,2,2026-09-03,2027-09-03,false
1616997,1,2,2026-09-03,2027-09-03,false
4840942,1,2,2026-09-03,2027-09-03,false
1190005,1,2,2026-09-03,2027-09-03,false
2210753,1,2,2026-09-03,2027-09-03,false
5725439,1,2,2026-09-03,2027-09-03,false
9260438,1,2,2026-09-03,2027-09-03,false
0467479,1,2,2026-09-03,2027-09-03,false
9774707,1,2,2026-09-03,2027-09-03,false
7911041,1,2,2026-09-03,2027-09-03,false
1979018,1,2,2026-09-03,2027-09-03,false
4134626,1,2,2026-09-03,2027-09-03,false
6039345,1,2,2026-09-03,2027-09-03,false
7785597,1,2,2026-09-03,2027-09-03,false
4004455,1,2,2026-09-03,2027-09-03,false
9476304,1,2,2026-09-03,2027-09-03,false
5058728,1,2,2026-09-03,2027-09-03,false
4372778,1,2,2026-09-03,2027-09-03,false
0098924,1,2,2026-09-03,2027-09-03,false
8532514,1,2,2026-09-03,2027-09-03,false
0091669,1,2,2026-09-03,2027-09-03,false
1579286,1,2,2026-09-03,2027-09-03,false
3357356,1,2,2026-09-03,2027-09-03,false
0290719,1,2,2026-09-03,2027-09-03,false
5283467,1,2,2026-09-03,2027-09-03,false
6341319,1,2,2026-09-03,2027-09-03,false
9267804,1,2,2026-09-03,2027-09-03,false
2477943,1,2,2026-09-03,2027-09-03,false
4968739,1,2,2026-09-03,2027-09-03,false
8274544,1,2,2026-09-03,2027-09-03,false
5857181,1,2,2026-09-03,2027-09-03,false
1083579,1,2,2026-09-03,2027-09-03,false
6298577,1,2,2026-09-03,2027-09-03,false
2512762,1,2,2026-09-03,2027-09-03,false
1687059,1,2,2026-09-03,2027-09-03,false
4566212,1,2,2026-09-03,2027-09-03,false
8512193,1,2,2026-09-03,2027-09-03,false
3852657,1,2,2026-09-03,2027-09-03,false
1687906,1,2,2026-09-03,2027-09-03,false
5896664,1,2,2026-09-03,2027-09-03,false
1156971,1,2,2026-09-03,2027-09-03,false
0026825,1,2,2026-09-03,2027-09-03,false
6414651,1,2,2026-09-03,2027-09-03,false
5598824,1,2,2026-09-03,2027-09-03,false
9885628,1,2,2026-09-03,2027-09-03,false
6164866,1,2,2026-09-03,2027-09-03,false
6459233,1,2,2026-09-03,2027-09-03,false
7015183,1,2,2026-09-03,2027-09-03,false
8980936,1,2,2026-09-03,2027-09-03,false
9679975,1,2,2026-09-03,2027-09-03,false
4249089,1,2,2026-09-03,2027-09-03,false
8307730,1,2,2026-09-03,2027-09-03,false
5876623,1,2,2026-09-03,2027-09-03,false
7886343,1,2,2026-09-03,2027-09-03,false
5278404,1,2,2026-09-03,2027-09-03,false
3891703,1,2,2026-09-03,2027-09-03,false
3117203,1,2,2026-09-03,2027-09-03,false
8721065,1,2,2026-09-03,2027-09-03,false
7228390,1,2,2026-09-03,2027-09-03,false
7270159,1,2,2026-09-03,2027-09-03,false
0784992,1,2,2026-09-03,2027-09-03,false
5287229,1,2,2026-09-03,2027-09-03,false
2667590,1,2,2026-09-03,2027-09-03,false
8076569,1,2,2026-09-03,2027-09-03,false
8913342,1,2,2026-09-03,2027-09-03,false
1637593,1,2,2026-09-03,2027-09-03,false
6295856,1,2,2026-09-03,2027-09-03,false
7587909,1,2,2026-09-03,2027-09-03,false
8119716,1,2,2026-09-03,2027-09-03,false
8412029,1,2,2026-09-03,2027-09-03,false
6027754,1,2,2026-09-03,2027-09-03,false
0255354,1,2,2026-09-03,2027-09-03,false
1770989,1,2,2026-09-03,2027-09-03,false
6855917,1,2,2026-09-03,2027-09-03,false
1634764,1,2,2026-09-03,2027-09-03,false
5188087,1,2,2026-09-03,2027-09-03,false
4463171,1,2,2026-09-03,2027-09-03,false
1950856,1,2,2026-09-03,2027-09-03,false
2198192,1,2,2026-09-03,2027-09-03,false
5808440,1,2,2026-09-03,2027-09-03,false
6073553,1,2,2026-09-03,2027-09-03,false
3801900,1,2,2026-09-03,2027-09-03,false
3537087,1,2,2026-09-03,2027-09-03,false
7376711,1,2,2026-09-03,2027-09-03,false
0354274,1,2,2026-09-03,2027-09-03,false
4509694,1,2,2026-09-03,2027-09-03,false
6437526,1,2,2026-09-03,2027-09-03,false
1419134,1,2,2026-09-03,2027-09-03,false
9251462,1,2,2026-09-03,2027-09-03,false
4879956,1,2,2026-09-03,2027-09-03,false
5417879,1,2,2026-09-03,2027-09-03,false
5710425,1,2,2026-09-03,2027-09-03,false
7641328,1,2,2026-09-03,2027-09-03,false
3950102,1,2,2026-09-03,2027-09-03,false
3470695,1,2,2026-09-03,2027-09-03,false
1416022,1,2,2026-09-03,2027-09-03,false
0733294,1,2,2026-09-03,2027-09-03,false
4439149,1,2,2026-09-03,2027-09-03,false
9198181,1,2,2026-09-03,2027-09-03,false
6762829,1,2,2026-09-03,2027-09-03,false
7453852,1,2,2026-09-03,2027-09-03,false
8392236,1,2,2026-09-03,2027-09-03,false
4476624,1,2,2026-09-03,2027-09-03,false
3148909,1,2,2026-09-03,2027-09-03,false
3962375,1,2,2026-09-03,2027-09-03,false
8369966,1,2,2026-09-03,2027-09-03,false
2839648,1,2,2026-09-03,2027-09-03,false
0415479,1,2,2026-09-03,2027-09-03,false
3868961,1,2,2026-09-03,2027-09-03,false
0022312,1,2,2026-09-03,2027-09-03,false
2645910,1,2,2026-09-03,2027-09-03,false
2183903,1,2,2026-09-03,2027-09-03,false
2930205,1,2,2026-09-03,2027-09-03,false
4637286,1,2,2026-09-03,2027-09-03,false
3168120,1,2,2026-09-03,2027-09-03,false
1242897,1,2,2026-09-03,2027-09-03,false
0096935,1,2,2026-09-03,2027-09-03,false
3616875,1,2,2026-09-03,2027-09-03,false
5320065,1,2,2026-09-03,2027-09-03,false
9442143,1,2,2026-09-03,2027-09-03,false
4767104,1,2,2026-09-03,2027-09-03,false
5745331,1,2,2026-09-03,2027-09-03,false
8060349,1,2,2026-09-03,2027-09-03,false
6813927,1,2,2026-09-03,2027-09-03,false
0507730,1,2,2026-09-03,2027-09-03,false
3302632,1,2,2026-09-03,2027-09-03,false
9675253,1,2,2026-09-03,2027-09-03,false
5327731,1,2,2026-09-03,2027-09-03,false
4286713,1,2,2026-09-03,2027-09-03,false
0457690,1,2,2026-09-03,2027-09-03,false
0714484,1,2,2026-09-03,2027-09-03,false
1273619,1,2,2026-09-03,2027-09-03,false
1829828,1,2,2026-09-03,2027-09-03,false
1012241,1,2,2026-09-03,2027-09-03,false
1719190,1,2,2026-09-03,2027-09-03,false
8168335,1,2,2026-09-03,2027-09-03,false
3712477,1,2,2026-09-03,2027-09-03,false
5457514,1,2,2026-09-03,2027-09-03,false
4807473,1,2,2026-09-03,2027-09-03,false
0224025,1,2,2026-09-03,2027-09-03,false
3387138,1,2,2026-09-03,2027-09-03,false
1414365,1,2,2026-09-03,2027-09-03,false
4674628,1,2,2026-09-03,2027-09-03,false
0888320,1,2,2026-09-03,2027-09-03,false
7887774,1,2,2026-09-03,2027-09-03,false
0198017,1,2,2026-09-03,2027-09-03,false
8394527,1,2,2026-09-03,2027-09-03,false
3219477,1,2,2026-09-03,2027-09-03,false
9933443,1,2,2026-09-03,2027-09-03,false
1032548,1,2,2026-09-03,2027-09-03,false
8187355,1,2,2026-09-03,2027-09-03,false
7715674,1,2,2026-09-03,2027-09-03,false
3733393,1,2,2026-09-03,2027-09-03,false
7716621,1,2,2026-09-03,2027-09-03,false
1241608,1,2,2026-09-03,2027-09-03,false
0950221,1,2,2026-09-03,2027-09-03,false
7035879,1,2,2026-09-03,2027-09-03,false
7473434,1,2,2026-09-03,2027-09-03,false
1749616,1,2,2026-09-03,2027-09-03,false
7245791,1,2,2026-09-03,2027-09-03,false
1083687,1,2,2026-09-03,2027-09-03,false
4691020,1,2,2026-09-03,2027-09-03,false
5627956,1,2,2026-09-03,2027-09-03,false
7016135,1,2,2026-09-03,2027-09-03,false
4228254,1,2,2026-09-03,2027-09-03,false
7537009,1,2,2026-09-03,2027-09-03,false
4101882,1,2,2026-09-03,2027-09-03,false
4859941,1,2,2026-09-03,2027-09-03,false
6194340,1,2,2026-09-03,2027-09-03,false
6430123,1,2,2026-09-03,2027-09-03,false
4915833,1,2,2026-09-03,2027-09-03,false
7908789,1,2,2026-09-03,2027-09-03,false
6179391,1,2,2026-09-03,2027-09-03,false
6589562,1,2,2026-09-03,2027-09-03,false
3948091,1,2,2026-09-03,2027-09-03,false
6281860,1,2,2026-09-03,2027-09-03,false
7252558,1,2,2026-09-03,2027-09-03,false
0303535,1,2,2026-09-03,2027-09-03,false
8962361,1,2,2026-09-03,2027-09-03,false
3023249,1,2,2026-09-03,2027-09-03,false
5067767,1,2,2026-09-03,2027-09-03,false
9492631,1,2,2026-09-03,2027-09-03,false
6651360,1,2,2026-09-03,2027-09-03,false
7020322,1,2,2026-09-03,2027-09-03,false
3089313,1,2,2026-09-03,2027-09-03,false
7838767,1,2,2026-09-03,2027-09-03,false
0838019,1,2,2026-09-03,2027-09-03,false
0692768,1,2,2026-09-03,2027-09-03,false
4591906,1,2,2026-09-03,2027-09-03,false
6942579,1,2,2026-09-03,2027-09-03,false
0164863,1,2,2026-09-03,2027-09-03,false
0766206,1,2,2026-09-03,2027-09-03,false
1195364,1,2,2026-09-03,2027-09-03,false
1004135,1,2,2026-09-03,2027-09-03,false
8269194,1,2,2026-09-03,2027-09-03,false
6573257,1,2,2026-09-03,2027-09-03,false
1853206,1,2,2026-09-03,2027-09-03,false
4486520,1,2,2026-09-03,2027-09-03,false
2956884,1,2,2026-09-03,2027-09-03,false
1343390,1,2,2026-09-03,2027-09-03,false
3966448,1,2,2026-09-03,2027-09-03,false
6361410,1,2,2026-09-03,2027-09-03,false
0588837,1,2,2026-09-03,2027-09-03,false
4597025,1,2,2026-09-03,2027-09-03,false
8813072,1,2,2026-09-03,2027-09-03,false
2443567,1,2,2026-09-03,2027-09-03,false
1143532,1,2,2026-09-03,2027-09-03,false
7228086,1,2,2026-09-03,2027-09-03,false
1811109,1,2,2026-09-03,2027-09-03,false
2307177,1,2,2026-09-03,2027-09-03,false
7018606,1,2,2026-09-03,2027-09-03,false
1862907,1,2,2026-09-03,2027-09-03,false
7789356,1,2,2026-09-03,2027-09-03,false
1290690,1,2,2026-09-03,2027-09-03,false
1222227,1,2,2026-09-03,2027-09-03,false
6674952,1,2,2026-09-03,2027-09-03,false
0129183,1,2,2026-09-03,2027-09-03,false
6458320,1,2,2026-09-03,2027-09-03,false
5778460,1,2,2026-09-03,2027-09-03,false
8591702,1,2,2026-09-03,2027-09-03,false
6050456,1,2,2026-09-03,2027-09-03,false
4274726,1,2,2026-09-03,2027-09-03,false
3808555,1,2,2026-09-03,2027-09-03,false
4165679,1,2,2026-09-03,2027-09-03,false
3423566,1,2,2026-09-03,2027-09-03,false
0996560,1,2,2026-09-03,2027-09-03,false
3431454,1,2,2026-09-03,2027-09-03,false
0123853,1,2,2026-09-03,2027-09-03,false
7479141,1,2,2026-09-03,2027-09-03,false
9263688,1,2,2026-09-03,2027-09-03,false
6168350,1,2,2026-09-03,2027-09-03,false
5399564,1,2,2026-09-03,2027-09-03,false
4585738,1,2,2026-09-03,2027-09-03,false
8008413,1,2,2026-09-03,2027-09-03,false
8022973,1,2,2026-09-03,2027-09-03,false
8623213,1,2,2026-09-03,2027-09-03,false
6955471,1,2,2026-09-03,2027-09-03,false
1855010,1,2,2026-09-03,2027-09-03,false
1851433,1,2,2026-09-03,2027-09-03,false
3789510,1,2,2026-09-03,2027-09-03,false
9294907,1,2,2026-09-03,2027-09-03,false
7500403,1,2,2026-09-03,2027-09-03,false
7206118,1,2,2026-09-03,2027-09-03,false
3538134,1,2,2026-09-03,2027-09-03,false
8283693,1,2,2026-09-03,2027-09-03,false
4211746,1,2,2026-09-03,2027-09-03,false
8166547,1,2,2026-09-03,2027-09-03,false
4972263,1,2,2026-09-03,2027-09-03,false
2704136,1,2,2026-09-03,2027-09-03,false
1839620,1,2,2026-09-03,2027-09-03,false
2796335,1,2,2026-09-03,2027-09-03,false
8400355,1,2,2026-09-03,2027-09-03,false
1473814,1,2,2026-09-03,2027-09-03,false
5751349,1,2,2026-09-03,2027-09-03,false
9967178,1,2,2026-09-03,2027-09-03,false
7869829,1,2,2026-09-03,2027-09-03,false
8599583,1,2,2026-09-03,2027-09-03,false
5778067,1,2,2026-09-03,2027-09-03,false
4281122,1,2,2026-09-03,2027-09-03,false
0809499,1,2,2026-09-03,2027-09-03,false
8725889,1,2,2026-09-03,2027-09-03,false
8675222,1,2,2026-09-03,2027-09-03,false
3637201,1,2,2026-09-03,2027-09-03,false
6540267,1,2,2026-09-03,2027-09-03,false
8141728,1,2,2026-09-03,2027-09-03,false
8097559,1,2,2026-09-03,2027-09-03,false
6424755,1,2,2026-09-03,2027-09-03,false
2624639,1,2,2026-09-03,2027-09-03,false
9476141,1,2,2026-09-03,2027-09-03,false
5117000,1,2,2026-09-03,2027-09-03,false
3797996,1,2,2026-09-03,2027-09-03,false
3488774,1,2,2026-09-03,2027-09-03,false
0396656,1,2,2026-09-03,2027-09-03,false
0038069,1,2,2026-09-03,2027-09-03,false
1555792,1,2,2026-09-03,2027-09-03,false
8779962,1,2,2026-09-03,2027-09-03,false
2869469,1,2,2026-09-03,2027-09-03,false
6819129,1,2,2026-09-03,2027-09-03,false
5691918,1,2,2026-09-03,2027-09-03,false
3438352,1,2,2026-09-03,2027-09-03,false
1312828,1,2,2026-09-03,2027-09-03,false
1158611,1,2,2026-09-03,2027-09-03,false
7961821,1,2,2026-09-03,2027-09-03,false
9387826,1,2,2026-09-03,2027-09-03,false
3540725,1,2,2026-09-03,2027-09-03,false
1985994,1,2,2026-09-03,2027-09-03,false
9516017,1,2,2026-09-03,2027-09-03,false
6310001,1,2,2026-09-03,2027-09-03,false
8620743,1,2,2026-09-03,2027-09-03,false
9762818,1,2,2026-09-03,2027-09-03,false
1241269,1,2,2026-09-03,2027-09-03,false
4270282,1,2,2026-09-03,2027-09-03,false
2746562,1,2,2026-09-03,2027-09-03,false
7246035,1,2,2026-09-03,2027-09-03,false
9969100,1,2,2026-09-03,2027-09-03,false
2814640,1,2,2026-09-03,2027-09-03,false
6300024,1,2,2026-09-03,2027-09-03,false
5563936,1,2,2026-09-03,2027-09-03,false
6103975,1,2,2026-09-03,2027-09-03,false
6733255,1,2,2026-09-03,2027-09-03,false
9929131,1,2,2026-09-03,2027-09-03,false
2709854,1,2,2026-09-03,2027-09-03,false
7411965,1,2,2026-09-03,2027-09-03,false
2613914,1,2,2026-09-03,2027-09-03,false
1099876,1,2,2026-09-03,2027-09-03,false
5404496,1,2,2026-09-03,2027-09-03,false
6652956,1,2,2026-09-03,2027-09-03,false
2494975,1,2,2026-09-03,2027-09-03,false
1768606,1,2,2026-09-03,2027-09-03,false
3995975,1,2,2026-09-03,2027-09-03,false
3795853,1,2,2026-09-03,2027-09-03,false
3580498,1,2,2026-09-03,2027-09-03,false
7001354,1,2,2026-09-03,2027-09-03,false
7125010,1,2,2026-09-03,2027-09-03,false
4583449,1,2,2026-09-03,2027-09-03,false
5814521,1,2,2026-09-03,2027-09-03,false
6572570,1,2,2026-09-03,2027-09-03,false
8794440,1,2,2026-09-03,2027-09-03,false
8642904,1,2,2026-09-03,2027-09-03,false
6222038,1,2,2026-09-03,2027-09-03,false
2684192,1,2,2026-09-03,2027-09-03,false
1817870,1,2,2026-09-03,2027-09-03,false
1558085,1,2,2026-09-03,2027-09-03,false
4421256,1,2,2026-09-03,2027-09-03,false
5896735,1,2,2026-09-03,2027-09-03,false
8052924,1,2,2026-09-03,2027-09-03,false
8059217,1,2,2026-09-03,2027-09-03,false
5101949,1,2,2026-09-03,2027-09-03,false
0372281,1,2,2026-09-03,2027-09-03,false
2785738,1,2,2026-09-03,2027-09-03,false
0606191,1,2,2026-09-03,2027-09-03,false
7543374,1,2,2026-09-03,2027-09-03,false
4735094,1,2,2026-09-03,2027-09-03,false
9125723,1,2,2026-09-03,2027-09-03,false
8803261,1,2,2026-09-03,2027-09-03,false
6456845,1,2,2026-09-03,2027-09-03,false
5607797,1,2,2026-09-03,2027-09-03,false
7157612,1,2,2026-09-03,2027-09-03,false
6985004,1,2,2026-09-03,2027-09-03,false
7685411,1,2,2026-09-03,2027-09-03,false
2223357,1,2,2026-09-03,2027-09-03,false
1625155,1,2,2026-09-03,2027-09-03,false
3095331,1,2,2026-09-03,2027-09-03,false
0168238,1,2,2026-09-03,2027-09-03,false
6423898,1,2,2026-09-03,2027-09-03,false
4160763,1,2,2026-09-03,2027-09-03,false
3387441,1,2,2026-09-03,2027-09-03,false
2631401,1,2,2026-09-03,2027-09-03,false
6920297,1,2,2026-09-03,2027-09-03,false
3905886,1,2,2026-09-03,2027-09-03,false
0994473,1,2,2026-09-03,2027-09-03,false
6878428,1,2,2026-09-03,2027-09-03,false
4670093,1,2,2026-09-03,2027-09-03,false
2698073,1,2,2026-09-03,2027-09-03,false
6417594,1,2,2026-09-03,2027-09-03,false
1734459,1,2,2026-09-03,2027-09-03,false
6150063,1,2,2026-09-03,2027-09-03,false
7320634,1,2,2026-09-03,2027-09-03,false
9302348,1,2,2026-09-03,2027-09-03,false
1784434,1,2,2026-09-03,2027-09-03,false
9717263,1,2,2026-09-03,2027-09-03,false
8104789,1,2,2026-09-03,2027-09-03,false
0370825,1,2,2026-09-03,2027-09-03,false
4865666,1,2,2026-09-03,2027-09-03,false
9007621,1,2,2026-09-03,2027-09-03,false
0989740,1,2,2026-09-03,2027-09-03,false
6761352,1,2,2026-09-03,2027-09-03,false
2351422,1,2,2026-09-03,2027-09-03,false
3456015,1,2,2026-09-03,2027-09-03,false
2976257,1,2,2026-09-03,2027-09-03,false
4255031,1,2,2026-09-03,2027-09-03,false
8783762,1,2,2026-09-03,2027-09-03,false
5126884,1,2,2026-09-03,2027-09-03,false
4914068,1,2,2026-09-03,2027-09-03,false
4844926,1,2,2026-09-03,2027-09-03,false
2043756,1,2,2026-09-03,2027-09-03,false
3269549,1,2,2026-09-03,2027-09-03,false
6652307,1,2,2026-09-03,2027-09-03,false
8484483,1,2,2026-09-03,2027-09-03,false
6956830,1,2,2026-09-03,2027-09-03,false
5137839,1,2,2026-09-03,2027-09-03,false
0111061,1,2,2026-09-03,2027-09-03,false
4402005,1,2,2026-09-03,2027-09-03,false
1633658,1,2,2026-09-03,2027-09-03,false
6561240,1,2,2026-09-03,2027-09-03,false
1462063,1,2,2026-09-03,2027-09-03,false
5338638,1,2,2026-09-03,2027-09-03,false
7213593,1,2,2026-09-03,2027-09-03,false
4241869,1,2,2026-09-03,2027-09-03,false
4534791,1,2,2026-09-03,2027-09-03,false
7997450,1,2,2026-09-03,2027-09-03,false
4299980,1,2,2026-09-03,2027-09-03,false
1734747,1,2,2026-09-03,2027-09-03,false
4024861,1,2,2026-09-03,2027-09-03,false
6985184,1,2,2026-09-03,2027-09-03,false
3784587,1,2,2026-09-03,2027-09-03,false
1499515,1,2,2026-09-03,2027-09-03,false
9775941,1,2,2026-09-03,2027-09-03,false
9972076,1,2,2026-09-03,2027-09-03,false
3845723,1,2,2026-09-03,2027-09-03,false
3622097,1,2,2026-09-03,2027-09-03,false
6971065,1,2,2026-09-03,2027-09-03,false
3675284,1,2,2026-09-03,2027-09-03,false
1335268,1,2,2026-09-03,2027-09-03,false
8033378,1,2,2026-09-03,2027-09-03,false
7064754,1,2,2026-09-03,2027-09-03,false
7002462,1,2,2026-09-03,2027-09-03,false
4308105,1,2,2026-09-03,2027-09-03,false
1457169,1,2,2026-09-03,2027-09-03,false
8258970,1,2,2026-09-03,2027-09-03,false
9656772,1,2,2026-09-03,2027-09-03,false
4695824,1,2,2026-09-03,2027-09-03,false
4802194,1,2,2026-09-03,2027-09-03,false
4075362,1,2,2026-09-03,2027-09-03,false
2678049,1,2,2026-09-03,2027-09-03,false
3985029,1,2,2026-09-03,2027-09-03,false
4435576,1,2,2026-09-03,2027-09-03,false
4298927,1,2,2026-09-03,2027-09-03,false
4440671,1,2,2026-09-03,2027-09-03,false
2858134,1,2,2026-09-03,2027-09-03,false
1320878,1,2,2026-09-03,2027-09-03,false
6413526,1,2,2026-09-03,2027-09-03,false
3524724,1,2,2026-09-03,2027-09-03,false
2521511,1,2,2026-09-03,2027-09-03,false
4773189,1,2,2026-09-03,2027-09-03,false
6214817,1,2,2026-09-03,2027-09-03,false
6555130,1,2,2026-09-03,2027-09-03,false
8538289,1,2,2026-09-03,2027-09-03,false
0288791,1,2,2026-09-03,2027-09-03,false
4013044,1,2,2026-09-03,2027-09-03,false
2965023,1,2,2026-09-03,2027-09-03,false
4552792,1,2,2026-09-03,2027-09-03,false
3812327,1,2,2026-09-03,2027-09-03,false
1959245,1,2,2026-09-03,2027-09-03,false
3622601,1,2,2026-09-03,2027-09-03,false
0477187,1,2,2026-09-03,2027-09-03,false
9318861,1,2,2026-09-03,2027-09-03,false
0615874,1,2,2026-09-03,2027-09-03,false
5839488,1,2,2026-09-03,2027-09-03,false
1961948,1,2,2026-09-03,2027-09-03,false
6388609,1,2,2026-09-03,2027-09-03,false
7703608,1,2,2026-09-03,2027-09-03,false
3202358,1,2,2026-09-03,2027-09-03,false
0941679,1,2,2026-09-03,2027-09-03,false
3290280,1,2,2026-09-03,2027-09-03,false
4444743,1,2,2026-09-03,2027-09-03,false
7538442,1,2,2026-09-03,2027-09-03,false
3976616,1,2,2026-09-03,2027-09-03,false
2963081,1,2,2026-09-03,2027-09-03,false
0557271,1,2,2026-09-03,2027-09-03,false
4974429,1,2,2026-09-03,2027-09-03,false
7782281,1,2,2026-09-03,2027-09-03,false
1150551,1,2,2026-09-03,2027-09-03,false
9229926,1,2,2026-09-03,2027-09-03,false
5171641,1,2,2026-09-03,2027-09-03,false
7026216,1,2,2026-09-03,2027-09-03,false
6509830,1,2,2026-09-03,2027-09-03,false
9068756,1,2,2026-09-03,2027-09-03,false
9113711,1,2,2026-09-03,2027-09-03,false
2407496,1,2,2026-09-03,2027-09-03,false
6437266,1,2,2026-09-03,2027-09-03,false
9923382,1,2,2026-09-03,2027-09-03,false
4019296,1,2,2026-09-03,2027-09-03,false
7712254,1,2,2026-09-03,2027-09-03,false
7314534,1,2,2026-09-03,2027-09-03,false
7363318,1,2,2026-09-03,2027-09-03,false
3255390,1,2,2026-09-03,2027-09-03,false
6416604,1,2,2026-09-03,2027-09-03,false
8871006,1,2,2026-09-03,2027-09-03,false
5861465,1,2,2026-09-03,2027-09-03,false
3711141,1,2,2026-09-03,2027-09-03,false
9300576,1,2,2026-09-03,2027-09-03,false
0425205,1,2,2026-09-03,2027-09-03,false
3882820,1,2,2026-09-03,2027-09-03,false
9277983,1,2,2026-09-03,2027-09-03,false
8211966,1,2,2026-09-03,2027-09-03,false
4925614,1,2,2026-09-03,2027-09-03,false
1888579,1,2,2026-09-03,2027-09-03,false
1450358,1,2,2026-09-03,2027-09-03,false
0868180,1,2,2026-09-03,2027-09-03,false
4026471,1,2,2026-09-03,2027-09-03,false
6890565,1,2,2026-09-03,2027-09-03,false
7527740,1,2,2026-09-03,2027-09-03,false
6922504,1,2,2026-09-03,2027-09-03,false
0447603,1,2,2026-09-03,2027-09-03,false
9168491,1,2,2026-09-03,2027-09-03,false
6066543,1,2,2026-09-03,2027-09-03,false
3880467,1,2,2026-09-03,2027-09-03,false
9817904,1,2,2026-09-03,2027-09-03,false
0393664,1,2,2026-09-03,2027-09-03,false
0208602,1,2,2026-09-03,2027-09-03,false
6925107,1,2,2026-09-03,2027-09-03,false
8227397,1,2,2026-09-03,2027-09-03,false
5429561,1,2,2026-09-03,2027-09-03,false
7098285,1,2,2026-09-03,2027-09-03,false
6662969,1,2,2026-09-03,2027-09-03,false
2250572,1,2,2026-09-03,2027-09-03,false
1130121,1,2,2026-09-03,2027-09-03,false
3284127,1,2,2026-09-03,2027-09-03,false
1828983,1,2,2026-09-03,2027-09-03,false
6696201,1,2,2026-09-03,2027-09-03,false
2056800,1,2,2026-09-03,2027-09-03,false
4156543,1,2,2026-09-03,2027-09-03,false
9625988,1,2,2026-09-03,2027-09-03,false
2785047,1,2,2026-09-03,2027-09-03,false
9873602,1,2,2026-09-03,2027-09-03,false
5909760,1,2,2026-09-03,2027-09-03,false
3037361,1,2,2026-09-03,2027-09-03,false
3318902,1,2,2026-09-03,2027-09-03,false
5479245,1,2,2026-09-03,2027-09-03,false
7835849,1,2,2026-09-03,2027-09-03,false
4962019,1,2,2026-09-03,2027-09-03,false
9690135,1,2,2026-09-03,2027-09-03,false
3730156,1,2,2026-09-03,2027-09-03,false
4518679,1,2,2026-09-03,2027-09-03,false
9249767,1,2,2026-09-03,2027-09-03,false
1600376,1,2,2026-09-03,2027-09-03,false
3464372,1,2,2026-09-03,2027-09-03,false
3890424,1,2,2026-09-03,2027-09-03,false
5680567,1,2,2026-09-03,2027-09-03,false
9476327,1,2,2026-09-03,2027-09-03,false
2191305,1,2,2026-09-03,2027-09-03,false
3231583,1,2,2026-09-03,2027-09-03,false
8233522,1,2,2026-09-03,2027-09-03,false
2077071,1,2,2026-09-03,2027-09-03,false
5971867,1,2,2026-09-03,2027-09-03,false
9805227,1,2,2026-09-03,2027-09-03,false
3978863,1,2,2026-09-03,2027-09-03,false
6260568,1,2,2026-09-03,2027-09-03,false
9098868,1,2,2026-09-03,2027-09-03,false
3775785,1,2,2026-09-03,2027-09-03,false
9883018,1,2,2026-09-03,2027-09-03,false
2276508,1,2,2026-09-03,2027-09-03,false
5830117,1,2,2026-09-03,2027-09-03,false
1411754,1,2,2026-09-03,2027-09-03,false
3707338,1,2,2026-09-03,2027-09-03,false
9583551,1,2,2026-09-03,2027-09-03,false
9970828,1,2,2026-09-03,2027-09-03,false
6843046,1,2,2026-09-03,2027-09-03,false
5501793,1,2,2026-09-03,2027-09-03,false
7208568,1,2,2026-09-03,2027-09-03,false
3409519,1,2,2026-09-03,2027-09-03,false
6156370,1,2,2026-09-03,2027-09-03,false
2301668,1,2,2026-09-03,2027-09-03,false
8039985,1,2,2026-09-03,2027-09-03,false
4890868,1,2,2026-09-03,2027-09-03,false
4597677,1,2,2026-09-03,2027-09-03,false
8089724,1,2,2026-09-03,2027-09-03,false
5770445,1,2,2026-09-03,2027-09-03,false
8401482,1,2,2026-09-03,2027-09-03,false
3612179,1,2,2026-09-03,2027-09-03,false
1277137,1,2,2026-09-03,2027-09-03,false
5984977,1,2,2026-09-03,2027-09-03,false
2877653,1,2,2026-09-03,2027-09-03,false
5811186,1,2,2026-09-03,2027-09-03,false
2146423,1,2,2026-09-03,2027-09-03,false
6737489,1,2,2026-09-03,2027-09-03,false
3904184,1,2,2026-09-03,2027-09-03,false
7045044,1,2,2026-09-03,2027-09-03,false
9284110,1,2,2026-09-03,2027-09-03,false
2008912,1,2,2026-09-03,2027-09-03,false
6102830,1,2,2026-09-03,2027-09-03,false
5763393,1,2,2026-09-03,2027-09-03,false
1975309,1,2,2026-09-03,2027-09-03,false
3801914,1,2,2026-09-03,2027-09-03,false
9887891,1,2,2026-09-03,2027-09-03,false
3361667,1,2,2026-09-03,2027-09-03,false
0377433,1,2,2026-09-03,2027-09-03,false
2395397,1,2,2026-09-03,2027-09-03,false
5646598,1,2,2026-09-03,2027-09-03,false
4380263,1,2,2026-09-03,2027-09-03,false
9832006,1,2,2026-09-03,2027-09-03,false
1710765,1,2,2026-09-03,2027-09-03,false
5173183,1,2,2026-09-03,2027-09-03,false
9338056,1,2,2026-09-03,2027-09-03,false
5401233,1,2,2026-09-03,2027-09-03,false
8172142,1,2,2026-09-03,2027-09-03,false
7050065,1,2,2026-09-03,2027-09-03,false
7570661,1,2,2026-09-03,2027-09-03,false
4182019,1,2,2026-09-03,2027-09-03,false
2444276,1,2,2026-09-03,2027-09-03,false
8433013,1,2,2026-09-03,2027-09-03,false
2481829,1,2,2026-09-03,2027-09-03,false
5799993,1,2,2026-09-03,2027-09-03,false
2284838,1,2,2026-09-03,2027-09-03,false
1176318,1,2,2026-09-03,2027-09-03,false
6040122,1,2,2026-09-03,2027-09-03,false
2949250,1,2,2026-09-03,2027-09-03,false
7230675,1,2,2026-09-03,2027-09-03,false
8894299,1,2,2026-09-03,2027-09-03,false
9164849,1,2,2026-09-03,2027-09-03,false
2274939,1,2,2026-09-03,2027-09-03,false
7680456,1,2,2026-09-03,2027-09-03,false
1338752,1,2,2026-09-03,2027-09-03,false
5037549,1,2,2026-09-03,2027-09-03,false
5704280,1,2,2026-09-03,2027-09-03,false
8888622,1,2,2026-09-03,2027-09-03,false
8365205,1,2,2026-09-03,2027-09-03,false
9470419,1,2,2026-09-03,2027-09-03,false
7597508,1,2,2026-09-03,2027-09-03,false
3890267,1,2,2026-09-03,2027-09-03,false
3760429,1,2,2026-09-03,2027-09-03,false
7595321,1,2,2026-09-03,2027-09-03,false
3401698,1,2,2026-09-03,2027-09-03,false
1915228,1,2,2026-09-03,2027-09-03,false
3863392,1,2,2026-09-03,2027-09-03,false
2508570,1,2,2026-09-03,2027-09-03,false
3084202,1,2,2026-09-03,2027-09-03,false
7664173,1,2,2026-09-03,2027-09-03,false
9243429,1,2,2026-09-03,2027-09-03,false
5570136,1,2,2026-09-03,2027-09-03,false
7420899,1,2,2026-09-03,2027-09-03,false
0179438,1,2,2026-09-03,2027-09-03,false
8537238,1,2,2026-09-03,2027-09-03,false
4583988,1,2,2026-09-03,2027-09-03,false
4930722,1,2,2026-09-03,2027-09-03,false
6270902,1,2,2026-09-03,2027-09-03,false
1503061,1,2,2026-09-03,2027-09-03,false
0479284,1,2,2026-09-03,2027-09-03,false
0617723,1,2,2026-09-03,2027-09-03,false
3611652,1,2,2026-09-03,2027-09-03,false
0806963,1,2,2026-09-03,2027-09-03,false
7134695,1,2,2026-09-03,2027-09-03,false
2964240,1,2,2026-09-03,2027-09-03,false
9567346,1,2,2026-09-03,2027-09-03,false
5447380,1,2,2026-09-03,2027-09-03,false
9708063,1,2,2026-09-03,2027-09-03,false
1554142,1,2,2026-09-03,2027-09-03,false
7848165,1,2,2026-09-03,2027-09-03,false
2860697,1,2,2026-09-03,2027-09-03,false
9470041,1,2,2026-09-03,2027-09-03,false
2644706,1,2,2026-09-03,2027-09-03,false
8458769,1,2,2026-09-03,2027-09-03,false
3111463,1,2,2026-09-03,2027-09-03,false
6970847,1,2,2026-09-03,2027-09-03,false
9757970,1,2,2026-09-03,2027-09-03,false
2425574,1,2,2026-09-03,2027-09-03,false
5146386,1,2,2026-09-03,2027-09-03,false
7833406,1,2,2026-09-03,2027-09-03,false
1219693,1,2,2026-09-03,2027-09-03,false
9991174,1,2,2026-09-03,2027-09-03,false
2283403,1,2,2026-09-03,2027-09-03,false
6238785,1,2,2026-09-03,2027-09-03,false
5557030,1,2,2026-09-03,2027-09-03,false
2623355,1,2,2026-09-03,2027-09-03,false
6985732,1,2,2026-09-03,2027-09-03,false
2648047,1,2,2026-09-03,2027-09-03,false
7081445,1,2,2026-09-03,2027-09-03,false
5733427,1,2,2026-09-03,2027-09-03,false
7811568,1,2,2026-09-03,2027-09-03,false
9788925,1,2,2026-09-03,2027-09-03,false
0104701,1,2,2026-09-03,2027-09-03,false
0563204,1,2,2026-09-03,2027-09-03,false
8062451,1,2,2026-09-03,2027-09-03,false
8132088,1,2,2026-09-03,2027-09-03,false
4736852,1,2,2026-09-03,2027-09-03,false
6695421,1,2,2026-09-03,2027-09-03,false
5406538,1,2,2026-09-03,2027-09-03,false
9869672,1,2,2026-09-03,2027-09-03,false
6718525,1,2,2026-09-03,2027-09-03,false
4638742,1,2,2026-09-03,2027-09-03,false
3785030,1,2,2026-09-03,2027-09-03,false
4217595,1,2,2026-09-03,2027-09-03,false
4870292,1,2,2026-09-03,2027-09-03,false
4435447,1,2,2026-09-03,2027-09-03,false
4109564,1,2,2026-09-03,2027-09-03,false
5287384,1,2,2026-09-03,2027-09-03,false
2752420,1,2,2026-09-03,2027-09-03,false
8057084,1,2,2026-09-03,2027-09-03,false
8698655,1,2,2026-09-03,2027-09-03,false
7404652,1,2,2026-09-03,2027-09-03,false
4773444,1,2,2026-09-03,2027-09-03,false
8970687,1,2,2026-09-03,2027-09-03,false
6197946,1,2,2026-09-03,2027-09-03,false
8935370,1,2,2026-09-03,2027-09-03,false
7151234,1,2,2026-09-03,2027-09-03,false
9631320,1,2,2026-09-03,2027-09-03,false
3406435,1,2,2026-09-03,2027-09-03,false
1316614,1,2,2026-09-03,2027-09-03,false
8786239,1,2,2026-09-03,2027-09-03,false
9412569,1,2,2026-09-03,2027-09-03,false
4399876,1,2,2026-09-03,2027-09-03,false
8172642,1,2,2026-09-03,2027-09-03,false
0248864,1,2,2026-09-03,2027-09-03,false
0023959,1,2,2026-09-03,2027-09-03,false
4579781,1,2,2026-09-03,2027-09-03,false
0607387,1,2,2026-09-03,2027-09-03,false
1119430,1,2,2026-09-03,2027-09-03,false
1394554,1,2,2026-09-03,2027-09-03,false
5666796,1,2,2026-09-03,2027-09-03,false
1648159,1,2,2026-09-03,2027-09-03,false
0077051,1,2,2026-09-03,2027-09-03,false
6333402,1,2,2026-09-03,2027-09-03,false
9698141,1,2,2026-09-03,2027-09-03,false
2143969,1,2,2026-09-03,2027-09-03,false
0093138,1,2,2026-09-03,2027-09-03,false
6927381,1,2,2026-09-03,2027-09-03,false
8319659,1,2,2026-09-03,2027-09-03,false
3110633,1,2,2026-09-03,2027-09-03,false
5256750,1,2,2026-09-03,2027-09-03,false
7522571,1,2,2026-09-03,2027-09-03,false
2050551,1,2,2026-09-03,2027-09-03,false
3016027,1,2,2026-09-03,2027-09-03,false
2004460,1,2,2026-09-03,2027-09-03,false
7907760,1,2,2026-09-03,2027-09-03,false
1201891,1,2,2026-09-03,2027-09-03,false
5636160,1,2,2026-09-03,2027-09-03,false
9147907,1,2,2026-09-03,2027-09-03,false
7928297,1,2,2026-09-03,2027-09-03,false
3152370,1,2,2026-09-03,2027-09-03,false
6215751,1,2,2026-09-03,2027-09-03,false
2946315,1,2,2026-09-03,2027-09-03,false
6801330,1,2,2026-09-03,2027-09-03,false
5004283,1,2,2026-09-03,2027-09-03,false
9474215,1,2,2026-09-03,2027-09-03,false
7903093,1,2,2026-09-03,2027-09-03,false
3227294,1,2,2026-09-03,2027-09-03,false
7705356,1,2,2026-09-03,2027-09-03,false
2696640,1,2,2026-09-03,2027-09-03,false
4343647,1,2,2026-09-03,2027-09-03,false
5932919,1,2,2026-09-03,2027-09-03,false
8368700,1,2,2026-09-03,2027-09-03,false
7533054,1,2,2026-09-03,2027-09-03,false
1171432,1,2,2026-09-03,2027-09-03,false
3978408,1,2,2026-09-03,2027-09-03,false
5012065,1,2,2026-09-03,2027-09-03,false
2285170,1,2,2026-09-03,2027-09-03,false
5686983,1,2,2026-09-03,2027-09-03,false
4133863,1,2,2026-09-03,2027-09-03,false
8464328,1,2,2026-09-03,2027-09-03,false
0454899,1,2,2026-09-03,2027-09-03,false
3852856,1,2,2026-09-03,2027-09-03,false
8169332,1,2,2026-09-03,2027-09-03,false
8304722,1,2,2026-09-03,2027-09-03,false
4079284,1,2,2026-09-03,2027-09-03,false
8582873,1,2,2026-09-03,2027-09-03,false
5511863,1,2,2026-09-03,2027-09-03,false
1782312,1,2,2026-09-03,2027-09-03,false
7153843,1,2,2026-09-03,2027-09-03,false
3543259,1,2,2026-09-03,2027-09-03,false
0187107,1,2,2026-09-03,2027-09-03,false
5003164,1,2,2026-09-03,2027-09-03,false
0080292,1,2,2026-09-03,2027-09-03,false
4535460,1,2,2026-09-03,2027-09-03,false
4291181,1,2,2026-09-03,2027-09-03,false
5381979,1,2,2026-09-03,2027-09-03,false
5578976,1,2,2026-09-03,2027-09-03,false
7214671,1,2,2026-09-03,2027-09-03,false
5742181,1,2,2026-09-03,2027-09-03,false
8694641,1,2,2026-09-03,2027-09-03,false
2166195,1,2,2026-09-03,2027-09-03,false
8384479,1,2,2026-09-03,2027-09-03,false
2887818,1,2,2026-09-03,2027-09-03,false
3442765,1,2,2026-09-03,2027-09-03,false
3297665,1,2,2026-09-03,2027-09-03,false
6024210,1,2,2026-09-03,2027-09-03,false
5901632,1,2,2026-09-03,2027-09-03,false
7341312,1,2,2026-09-03,2027-09-03,false
6397517,1,2,2026-09-03,2027-09-03,false
4375218,1,2,2026-09-03,2027-09-03,false
0393398,1,2,2026-09-03,2027-09-03,false
9041407,1,2,2026-09-03,2027-09-03,false
8247205,1,2,2026-09-03,2027-09-03,false
5705478,1,2,2026-09-03,2027-09-03,false
5551799,1,2,2026-09-03,2027-09-03,false
0792792,1,2,2026-09-03,2027-09-03,false
7533585,1,2,2026-09-03,2027-09-03,false
3719228,1,2,2026-09-03,2027-09-03,false
1400390,1,2,2026-09-03,2027-09-03,false
1069097,1,2,2026-09-03,2027-09-03,false
2781031,1,2,2026-09-03,2027-09-03,false
0158110,1,2,2026-09-03,2027-09-03,false
8397816,1,2,2026-09-03,2027-09-03,false
0312039,1,2,2026-09-03,2027-09-03,false
5794227,1,2,2026-09-03,2027-09-03,false
5293589,1,2,2026-09-03,2027-09-03,false
0577051,1,2,2026-09-03,2027-09-03,false
6837962,1,2,2026-09-03,2027-09-03,false
0792485,1,2,2026-09-03,2027-09-03,false
7524951,1,2,2026-09-03,2027-09-03,false
7579138,1,2,2026-09-03,2027-09-03,false
3304396,1,2,2026-09-03,2027-09-03,false
3872727,1,2,2026-09-03,2027-09-03,false
7259761,1,2,2026-09-03,2027-09-03,false
1590676,1,2,2026-09-03,2027-09-03,false
1546748,1,2,2026-09-03,2027-09-03,false
1246664,1,2,2026-09-03,2027-09-03,false
9010320,1,2,2026-09-03,2027-09-03,false
3743980,1,2,2026-09-03,2027-09-03,false
7792996,1,2,2026-09-03,2027-09-03,false
5905957,1,2,2026-09-03,2027-09-03,false
9169882,1,2,2026-09-03,2027-09-03,false
7074112,1,2,2026-09-03,2027-09-03,false
4344340,1,2,2026-09-03,2027-09-03,false
3987009,1,2,2026-09-03,2027-09-03,false
6517408,1,2,2026-09-03,2027-09-03,false
1359989,1,2,2026-09-03,2027-09-03,false
4556915,1,2,2026-09-03,2027-09-03,false
8911852,1,2,2026-09-03,2027-09-03,false
7638958,1,2,2026-09-03,2027-09-03,false
6367169,1,2,2026-09-03,2027-09-03,false
1285616,1,2,2026-09-03,2027-09-03,false
6019255,1,2,2026-09-03,2027-09-03,false
6583019,1,2,2026-09-03,2027-09-03,false
6326653,1,2,2026-09-03,2027-09-03,false
2939408,1,2,2026-09-03,2027-09-03,false
9523172,1,2,2026-09-03,2027-09-03,false
0749294,1,2,2026-09-03,2027-09-03,false
5359944,1,2,2026-09-03,2027-09-03,false
5942702,1,2,2026-09-03,2027-09-03,false
4068126,1,2,2026-09-03,2027-09-03,false
7662558,1,2,2026-09-03,2027-09-03,false
3011778,1,2,2026-09-03,2027-09-03,false
2756790,1,2,2026-09-03,2027-09-03,false
7535151,1,2,2026-09-03,2027-09-03,false
5920345,1,2,2026-09-03,2027-09-03,false
3539224,1,2,2026-09-03,2027-09-03,false
3041817,1,2,2026-09-03,2027-09-03,false
7972504,1,2,2026-09-03,2027-09-03,false
8257584,1,2,2026-09-03,2027-09-03,false
7597747,1,2,2026-09-03,2027-09-03,false
7131286,1,2,2026-09-03,2027-09-03,false
8604498,1,2,2026-09-03,2027-09-03,false
6168788,1,2,2026-09-03,2027-09-03,false
6027128,1,2,2026-09-03,2027-09-03,false
0269288,1,2,2026-09-03,2027-09-03,false
7333219,1,2,2026-09-03,2027-09-03,false
1859856,1,2,2026-09-03,2027-09-03,false
7675864,1,2,2026-09-03,2027-09-03,false
9890245,1,2,2026-09-03,2027-09-03,false
3199568,1,2,2026-09-03,2027-09-03,false
5546393,1,2,2026-09-03,2027-09-03,false
1259517,1,2,2026-09-03,2027-09-03,false
2638534,1,2,2026-09-03,2027-09-03,false
2711847,1,2,2026-09-03,2027-09-03,false
3012746,1,2,2026-09-03,2027-09-03,false
5711679,1,2,2026-09-03,2027-09-03,false
9405538,1,2,2026-09-03,2027-09-03,false
9499890,1,2,2026-09-03,2027-09-03,false
1105130,1,2,2026-09-03,2027-09-03,false
3211799,1,2,2026-09-03,2027-09-03,false
1875880,1,2,2026-09-03,2027-09-03,false
1810570,1,2,2026-09-03,2027-09-03,false
3438584,1,2,2026-09-03,2027-09-03,false
1683932,1,2,2026-09-03,2027-09-03,false
2327788,1,2,2026-09-03,2027-09-03,false
9697912,1,2,2026-09-03,2027-09-03,false
5671651,1,2,2026-09-03,2027-09-03,false
6816564,1,2,2026-09-03,2027-09-03,false
5201839,1,2,2026-09-03,2027-09-03,false
5469386,1,2,2026-09-03,2027-09-03,false
9899180,1,2,2026-09-03,2027-09-03,false
9623967,1,2,2026-09-03,2027-09-03,false
7497655,1,2,2026-09-03,2027-09-03,false
6038064,1,2,2026-09-03,2027-09-03,false
4998394,1,2,2026-09-03,2027-09-03,false
5615678,1,2,2026-09-03,2027-09-03,false
1019672,1,2,2026-09-03,2027-09-03,false
2234936,1,2,2026-09-03,2027-09-03,false
6698777,1,2,2026-09-03,2027-09-03,false
7874049,1,2,2026-09-03,2027-09-03,false
2254178,1,2,2026-09-03,2027-09-03,false
3617338,1,2,2026-09-03,2027-09-03,false
4653264,1,2,2026-09-03,2027-09-03,false
1066389,1,2,2026-09-03,2027-09-03,false
7686582,1,2,2026-09-03,2027-09-03,false
1140282,1,2,2026-09-03,2027-09-03,false
4394813,1,2,2026-09-03,2027-09-03,false
9851047,1,2,2026-09-03,2027-09-03,false
2845135,1,2,2026-09-03,2027-09-03,false
6878088,1,2,2026-09-03,2027-09-03,false
2990590,1,2,2026-09-03,2027-09-03,false
0129214,1,2,2026-09-03,2027-09-03,false
3920069,1,2,2026-09-03,2027-09-03,false
6928515,1,2,2026-09-03,2027-09-03,false
5164746,1,2,2026-09-03,2027-09-03,false
4404513,1,2,2026-09-03,2027-09-03,false
9261234,1,2,2026-09-03,2027-09-03,false
2176474,1,2,2026-09-03,2027-09-03,false
3533581,1,2,2026-09-03,2027-09-03,false
0667112,1,2,2026-09-03,2027-09-03,false
0902345,1,2,2026-09-03,2027-09-03,false
6842756,1,2,2026-09-03,2027-09-03,false
6469882,1,2,2026-09-03,2027-09-03,false
3807443,1,2,2026-09-03,2027-09-03,false
1467606,1,2,2026-09-03,2027-09-03,false
6779636,1,2,2026-09-03,2027-09-03,false
4608955,1,2,2026-09-03,2027-09-03,false
7516783,1,2,2026-09-03,2027-09-03,false
8540331,1,2,2026-09-03,2027-09-03,false
8083705,1,2,2026-09-03,2027-09-03,false
9868251,1,2,2026-09-03,2027-09-03,false
9767018,1,2,2026-09-03,2027-09-03,false
5534937,1,2,2026-09-03,2027-09-03,false
7446632,1,2,2026-09-03,2027-09-03,false
8047115,1,2,2026-09-03,2027-09-03,false
5894519,1,2,2026-09-03,2027-09-03,false
4534213,1,2,2026-09-03,2027-09-03,false
7028730,1,2,2026-09-03,2027-09-03,false
7317852,1,2,2026-09-03,2027-09-03,false
0429530,1,2,2026-09-03,2027-09-03,false
8927976,1,2,2026-09-03,2027-09-03,false
3736975,1,2,2026-09-03,2027-09-03,false
0089057,1,2,2026-09-03,2027-09-03,false
1239491,1,2,2026-09-03,2027-09-03,false
2842663,1,2,2026-09-03,2027-09-03,false
1240693,1,2,2026-09-03,2027-09-03,false
7207820,1,2,2026-09-03,2027-09-03,false
8115002,1,2,2026-09-03,2027-09-03,false
3360417,1,2,2026-09-03,2027-09-03,false
9897625,1,2,2026-09-03,2027-09-03,false
9593055,1,2,2026-09-03,2027-09-03,false
4998620,1,2,2026-09-03,2027-09-03,false
9423386,1,2,2026-09-03,2027-09-03,false
6844790,1,2,2026-09-03,2027-09-03,false
4020700,1,2,2026-09-03,2027-09-03,false
9176893,1,2,2026-09-03,2027-09-03,false
8973326,1,2,2026-09-03,2027-09-03,false
7448847,1,2,2026-09-03,2027-09-03,false
1005190,1,2,2026-09-03,2027-09-03,false
9199619,1,2,2026-09-03,2027-09-03,false
8644383,1,2,2026-09-03,2027-09-03,false
0291477,1,2,2026-09-03,2027-09-03,false
9903120,1,2,2026-09-03,2027-09-03,false
3467556,1,2,2026-09-03,2027-09-03,false
5836103,1,2,2026-09-03,2027-09-03,false
0936485,1,2,2026-09-03,2027-09-03,false
6471018,1,2,2026-09-03,2027-09-03,false
9632184,1,2,2026-09-03,2027-09-03,false
8477862,1,2,2026-09-03,2027-09-03,false
9592553,1,2,2026-09-03,2027-09-03,false
0142055,1,2,2026-09-03,2027-09-03,false
7532783,1,2,2026-09-03,2027-09-03,false
1708578,1,2,2026-09-03,2027-09-03,false
8994929,1,2,2026-09-03,2027-09-03,false
6856045,1,2,2026-09-03,2027-09-03,false
5354843,1,2,2026-09-03,2027-09-03,false
6941862,1,2,2026-09-03,2027-09-03,false
7232953,1,2,2026-09-03,2027-09-03,false
6360792,1,2,2026-09-03,2027-09-03,false
3112516,1,2,2026-09-03,2027-09-03,false
8062086,1,2,2026-09-03,2027-09-03,false
9340719,1,2,2026-09-03,2027-09-03,false
3860904,1,2,2026-09-03,2027-09-03,false
9113355,1,2,2026-09-03,2027-09-03,false
3248262,1,2,2026-09-03,2027-09-03,false
2326231,1,2,2026-09-03,2027-09-03,false
4266933,1,2,2026-09-03,2027-09-03,false
7976904,1,2,2026-09-03,2027-09-03,false
4833327,1,2,2026-09-03,2027-09-03,false
3195479,1,2,2026-09-03,2027-09-03,false
6259212,1,2,2026-09-03,2027-09-03,false
7788731,1,2,2026-09-03,2027-09-03,false
8883474,1,2,2026-09-03,2027-09-03,false
2608187,1,2,2026-09-03,2027-09-03,false
6102705,1,2,2026-09-03,2027-09-03,false
0471283,1,2,2026-09-03,2027-09-03,false
1584488,1,2,2026-09-03,2027-09-03,false
8829022,1,2,2026-09-03,2027-09-03,false
1746503,1,2,2026-09-03,2027-09-03,false
6580281,1,2,2026-09-03,2027-09-03,false
1998316,1,2,2026-09-03,2027-09-03,false
9421838,1,2,2026-09-03,2027-09-03,false
3796193,1,2,2026-09-03,2027-09-03,false
7229525,1,2,2026-09-03,2027-09-03,false
4089402,1,2,2026-09-03,2027-09-03,false
0150892,1,2,2026-09-03,2027-09-03,false
5421839,1,2,2026-09-03,2027-09-03,false
7600508,1,2,2026-09-03,2027-09-03,false
2930790,1,2,2026-09-03,2027-09-03,false
8156518,1,2,2026-09-03,2027-09-03,false
7410427,1,2,2026-09-03,2027-09-03,false
9464442,1,2,2026-09-03,2027-09-03,false
4363718,1,2,2026-09-03,2027-09-03,false
1640162,1,2,2026-09-03,2027-09-03,false
8695350,1,2,2026-09-03,2027-09-03,false
7437627,1,2,2026-09-03,2027-09-03,false
5122211,1,2,2026-09-03,2027-09-03,false
6256963,1,2,2026-09-03,2027-09-03,false
8797847,1,2,2026-09-03,2027-09-03,false
8368838,1,2,2026-09-03,2027-09-03,false
3607844,1,2,2026-09-03,2027-09-03,false
8592430,1,2,2026-09-03,2027-09-03,false
7956026,1,2,2026-09-03,2027-09-03,false
5812542,1,2,2026-09-03,2027-09-03,false
5325878,1,2,2026-09-03,2027-09-03,false
9160036,1,2,2026-09-03,2027-09-03,false
5398955,1,2,2026-09-03,2027-09-03,false
3099414,1,2,2026-09-03,2027-09-03,false
7476685,1,2,2026-09-03,2027-09-03,false
6930417,1,2,2026-09-03,2027-09-03,false
3653968,1,2,2026-09-03,2027-09-03,false
1436966,1,2,2026-09-03,2027-09-03,false
4420632,1,2,2026-09-03,2027-09-03,false
3129730,1,2,2026-09-03,2027-09-03,false
9158162,1,2,2026-09-03,2027-09-03,false
4779046,1,2,2026-09-03,2027-09-03,false
3446530,1,2,2026-09-03,2027-09-03,false
7304061,1,2,2026-09-03,2027-09-03,false
2030627,1,2,2026-09-03,2027-09-03,false
5049313,1,2,2026-09-03,2027-09-03,false
9607987,1,2,2026-09-03,2027-09-03,false
8920512,1,2,2026-09-03,2027-09-03,false
2017809,1,2,2026-09-03,2027-09-03,false
4820082,1,2,2026-09-03,2027-09-03,false
5100117,1,2,2026-09-03,2027-09-03,false
0099428,1,2,2026-09-03,2027-09-03,false
5222462,1,2,2026-09-03,2027-09-03,false
7586073,1,2,2026-09-03,2027-09-03,false
0212677,1,2,2026-09-03,2027-09-03,false
9011282,1,2,2026-09-03,2027-09-03,false
4665060,1,2,2026-09-03,2027-09-03,false
0397814,1,2,2026-09-03,2027-09-03,false
9523630,1,2,2026-09-03,2027-09-03,false
8166627,1,2,2026-09-03,2027-09-03,false
5407598,1,2,2026-09-03,2027-09-03,false
4313884,1,2,2026-09-03,2027-09-03,false
9885882,1,2,2026-09-03,2027-09-03,false
1684054,1,2,2026-09-03,2027-09-03,false
4943860,1,2,2026-09-03,2027-09-03,false
2976707,1,2,2026-09-03,2027-09-03,false
2234618,1,2,2026-09-03,2027-09-03,false
4273192,1,2,2026-09-03,2027-09-03,false
7075274,1,2,2026-09-03,2027-09-03,false
6330258,1,2,2026-09-03,2027-09-03,false
3045721,1,2,2026-09-03,2027-09-03,false
4442317,1,2,2026-09-03,2027-09-03,false
0947146,1,2,2026-09-03,2027-09-03,false
2808425,1,2,2026-09-03,2027-09-03,false
1831605,1,2,2026-09-03,2027-09-03,false
2747959,1,2,2026-09-03,2027-09-03,false
3590025,1,2,2026-09-03,2027-09-03,false
1669672,1,2,2026-09-03,2027-09-03,false
0917758,1,2,2026-09-03,2027-09-03,false
3566893,1,2,2026-09-03,2027-09-03,false
5355649,1,2,2026-09-03,2027-09-03,false
0310678,1,2,2026-09-03,2027-09-03,false
2106920,1,2,2026-09-03,2027-09-03,false
1563124,1,2,2026-09-03,2027-09-03,false
1267031,1,2,2026-09-03,2027-09-03,false
9066369,1,2,2026-09-03,2027-09-03,false
6367665,1,2,2026-09-03,2027-09-03,false
1980614,1,2,2026-09-03,2027-09-03,false
0360240,1,2,2026-09-03,2027-09-03,false
9159713,1,2,2026-09-03,2027-09-03,false
4989439,1,2,2026-09-03,2027-09-03,false
5641453,1,2,2026-09-03,2027-09-03,false
8428203,1,2,2026-09-03,2027-09-03,false
1614843,1,2,2026-09-03,2027-09-03,false
7795843,1,2,2026-09-03,2027-09-03,false
0645727,1,2,2026-09-03,2027-09-03,false
9227175,1,2,2026-09-03,2027-09-03,false
3895917,1,2,2026-09-03,2027-09-03,false
2662718,1,2,2026-09-03,2027-09-03,false
6350794,1,2,2026-09-03,2027-09-03,false
0865897,1,2,2026-09-03,2027-09-03,false
1914913,1,2,2026-09-03,2027-09-03,false
0457062,1,2,2026-09-03,2027-09-03,false
4104023,1,2,2026-09-03,2027-09-03,false
2637603,1,2,2026-09-03,2027-09-03,false
3641114,1,2,2026-09-03,2027-09-03,false
0197210,1,2,2026-09-03,2027-09-03,false
7685756,1,2,2026-09-03,2027-09-03,false
9349363,1,2,2026-09-03,2027-09-03,false
0703615,1,2,2026-09-03,2027-09-03,false
4580816,1,2,2026-09-03,2027-09-03,false
6772540,1,2,2026-09-03,2027-09-03,false
0287174,1,2,2026-09-03,2027-09-03,false
5217269,1,2,2026-09-03,2027-09-03,false
5477984,1,2,2026-09-03,2027-09-03,false
3949496,1,2,2026-09-03,2027-09-03,false
2972942,1,2,2026-09-03,2027-09-03,false
5708564,1,2,2026-09-03,2027-09-03,false
0995659,1,2,2026-09-03,2027-09-03,false
2035147,1,2,2026-09-03,2027-09-03,false
8734795,1,2,2026-09-03,2027-09-03,false
0461254,1,2,2026-09-03,2027-09-03,false
9987528,1,2,2026-09-03,2027-09-03,false
2569738,1,2,2026-09-03,2027-09-03,false
3846575,1,2,2026-09-03,2027-09-03,false
7079621,1,2,2026-09-03,2027-09-03,false
8639282,1,2,2026-09-03,2027-09-03,false
1250294,1,2,2026-09-03,2027-09-03,false
3037654,1,2,2026-09-03,2027-09-03,false
6883447,1,2,2026-09-03,2027-09-03,false
6422668,1,2,2026-09-03,2027-09-03,false
3270896,1,2,2026-09-03,2027-09-03,false
9745264,1,2,2026-09-03,2027-09-03,false
5960065,1,2,2026-09-03,2027-09-03,false
4025941,1,2,2026-09-03,2027-09-03,false
8967627,1,2,2026-09-03,2027-09-03,false
8716869,1,2,2026-09-03,2027-09-03,false
0191020,1,2,2026-09-03,2027-09-03,false
3667453,1,2,2026-09-03,2027-09-03,false
7388348,1,2,2026-09-03,2027-09-03,false
5190942,1,2,2026-09-03,2027-09-03,false
1587250,1,2,2026-09-03,2027-09-03,false
3425407,1,2,2026-09-03,2027-09-03,false
5662161,1,2,2026-09-03,2027-09-03,false
9838289,1,2,2026-09-03,2027-09-03,false
0540689,1,2,2026-09-03,2027-09-03,false
0932641,1,2,2026-09-03,2027-09-03,false
3779961,1,2,2026-09-03,2027-09-03,false
7557054,1,2,2026-09-03,2027-09-03,false
5925184,1,2,2026-09-03,2027-09-03,false
3156137,1,2,2026-09-03,2027-09-03,false
4017911,1,2,2026-09-03,2027-09-03,false
5328445,1,2,2026-09-03,2027-09-03,false
1030674,1,2,2026-09-03,2027-09-03,false
6959362,1,2,2026-09-03,2027-09-03,false
2491563,1,2,2026-09-03,2027-09-03,false
3729484,1,2,2026-09-03,2027-09-03,false
8205406,1,2,2026-09-03,2027-09-03,false
1548601,1,2,2026-09-03,2027-09-03,false
2884700,1,2,2026-09-03,2027-09-03,false
4882111,1,2,2026-09-03,2027-09-03,false
6241336,1,2,2026-09-03,2027-09-03,false
8453615,1,2,2026-09-03,2027-09-03,false
7191020,1,2,2026-09-03,2027-09-03,false
5091688,1,2,2026-09-03,2027-09-03,false
1336424,1,2,2026-09-03,2027-09-03,false
1830290,1,2,2026-09-03,2027-09-03,false
0827489,1,2,2026-09-03,2027-09-03,false
2428053,1,2,2026-09-03,2027-09-03,false
0186210,1,2,2026-09-03,2027-09-03,false
5453175,1,2,2026-09-03,2027-09-03,false
9047270,1,2,2026-09-03,2027-09-03,false
3334606,1,2,2026-09-03,2027-09-03,false
0913779,1,2,2026-09-03,2027-09-03,false
6809946,1,2,2026-09-03,2027-09-03,false
9368532,1,2,2026-09-03,2027-09-03,false
1738507,1,2,2026-09-03,2027-09-03,false
8654124,1,2,2026-09-03,2027-09-03,false
7517434,1,2,2026-09-03,2027-09-03,false
8215478,1,2,2026-09-03,2027-09-03,false
3287145,1,2,2026-09-03,2027-09-03,false
9733841,1,2,2026-09-03,2027-09-03,false
5703474,1,2,2026-09-03,2027-09-03,false
4999584,1,2,2026-09-03,2027-09-03,false
2520804,1,2,2026-09-03,2027-09-03,false
2761308,1,2,2026-09-03,2027-09-03,false
9371415,1,2,2026-09-03,2027-09-03,false
0415591,1,2,2026-09-03,2027-09-03,false
0103976,1,2,2026-09-03,2027-09-03,false
2489280,1,2,2026-09-03,2027-09-03,false
9421026,1,2,2026-09-03,2027-09-03,false
2131715,1,2,2026-09-03,2027-09-03,false
2262537,1,2,2026-09-03,2027-09-03,false
2557075,1,2,2026-09-03,2027-09-03,false
8759199,1,2,2026-09-03,2027-09-03,false
2735957,1,2,2026-09-03,2027-09-03,false
2478668,1,2,2026-09-03,2027-09-03,false
6857822,1,2,2026-09-03,2027-09-03,false
7563056,1,2,2026-09-03,2027-09-03,false
2389416,1,2,2026-09-03,2027-09-03,false
9822195,1,2,2026-09-03,2027-09-03,false
5629959,1,2,2026-09-03,2027-09-03,false
4449237,1,2,2026-09-03,2027-09-03,false
8873011,1,2,2026-09-03,2027-09-03,false
6658726,1,2,2026-09-03,2027-09-03,false
9843364,1,2,2026-09-03,2027-09-03,false
6053344,1,2,2026-09-03,2027-09-03,false
3240374,1,2,2026-09-03,2027-09-03,false
7483048,1,2,2026-09-03,2027-09-03,false
8444259,1,2,2026-09-03,2027-09-03,false
4413173,1,2,2026-09-03,2027-09-03,false
2475693,1,2,2026-09-03,2027-09-03,false
4190630,1,2,2026-09-03,2027-09-03,false
3593467,1,2,2026-09-03,2027-09-03,false
0959128,1,2,2026-09-03,2027-09-03,false
3618810,1,2,2026-09-03,2027-09-03,false
2001309,1,2,2026-09-03,2027-09-03,false
0599585,1,2,2026-09-03,2027-09-03,false
6266070,1,2,2026-09-03,2027-09-03,false
8141976,1,2,2026-09-03,2027-09-03,false
6239749,1,2,2026-09-03,2027-09-03,false
2510825,1,2,2026-09-03,2027-09-03,false
3764275,1,2,2026-09-03,2027-09-03,false
0484187,1,2,2026-09-03,2027-09-03,false
3480528,1,2,2026-09-03,2027-09-03,false
0562209,1,2,2026-09-03,2027-09-03,false
9893258,1,2,2026-09-03,2027-09-03,false
1607006,1,2,2026-09-03,2027-09-03,false
6813351,1,2,2026-09-03,2027-09-03,false
2591055,1,2,2026-09-03,2027-09-03,false
1212327,1,2,2026-09-03,2027-09-03,false
0509051,1,2,2026-09-03,2027-09-03,false
5566297,1,2,2026-09-03,2027-09-03,false
5339473,1,2,2026-09-03,2027-09-03,false
4259827,1,2,2026-09-03,2027-09-03,false
9703669,1,2,2026-09-03,2027-09-03,false
5401480,1,2,2026-09-03,2027-09-03,false
7857029,1,2,2026-09-03,2027-09-03,false
0944222,1,2,2026-09-03,2027-09-03,false
1689664,1,2,2026-09-03,2027-09-03,false
1616473,1,2,2026-09-03,2027-09-03,false
5003798,1,2,2026-09-03,2027-09-03,false
4094047,1,2,2026-09-03,2027-09-03,false
2863976,1,2,2026-09-03,2027-09-03,false
1000014,1,2,2026-09-03,2027-09-03,false
1491340,1,2,2026-09-03,2027-09-03,false
1097399,1,2,2026-09-03,2027-09-03,false
4952387,1,2,2026-09-03,2027-09-03,false
7018238,1,2,2026-09-03,2027-09-03,false
4723572,1,2,2026-09-03,2027-09-03,false
3035672,1,2,2026-09-03,2027-09-03,false
5542174,1,2,2026-09-03,2027-09-03,false
1934416,1,2,2026-09-03,2027-09-03,false
2125021,1,2,2026-09-03,2027-09-03,false
0792682,1,2,2026-09-03,2027-09-03,false
2486666,1,2,2026-09-03,2027-09-03,false
9231204,1,2,2026-09-03,2027-09-03,false
0216087,1,2,2026-09-03,2027-09-03,false
9948850,1,2,2026-09-03,2027-09-03,false
5797949,1,2,2026-09-03,2027-09-03,false
2213511,1,2,2026-09-03,2027-09-03,false
7464905,1,2,2026-09-03,2027-09-03,false
4430390,1,2,2026-09-03,2027-09-03,false
4739989,1,2,2026-09-03,2027-09-03,false
0329797,1,2,2026-09-03,2027-09-03,false
3881795,1,2,2026-09-03,2027-09-03,false
2520828,1,2,2026-09-03,2027-09-03,false
7893631,1,2,2026-09-03,2027-09-03,false
4460380,1,2,2026-09-03,2027-09-03,false
3238112,1,2,2026-09-03,2027-09-03,false
9993588,1,2,2026-09-03,2027-09-03,false
5085614,1,2,2026-09-03,2027-09-03,false
4134926,1,2,2026-09-03,2027-09-03,false
2796376,1,2,2026-09-03,2027-09-03,false
1445597,1,2,2026-09-03,2027-09-03,false
4242782,1,2,2026-09-03,2027-09-03,false
5152522,1,2,2026-09-03,2027-09-03,false
1947200,1,2,2026-09-03,2027-09-03,false
2710604,1,2,2026-09-03,2027-09-03,false
8491557,1,2,2026-09-03,2027-09-03,false
1323265,1,2,2026-09-03,2027-09-03,false
4830656,1,2,2026-09-03,2027-09-03,false
8544125,1,2,2026-09-03,2027-09-03,false
7922060,1,2,2026-09-03,2027-09-03,false
1614827,1,2,2026-09-03,2027-09-03,false
1938886,1,2,2026-09-03,2027-09-03,false
6509132,1,2,2026-09-03,2027-09-03,false
2669357,1,2,2026-09-03,2027-09-03,false
5427909,1,2,2026-09-03,2027-09-03,false
5271040,1,2,2026-09-03,2027-09-03,false
2246258,1,2,2026-09-03,2027-09-03,false
1167714,1,2,2026-09-03,2027-09-03,false
1537811,1,2,2026-09-03,2027-09-03,false
4497778,1,2,2026-09-03,2027-09-03,false
0714825,1,2,2026-09-03,2027-09-03,false
2852331,1,2,2026-09-03,2027-09-03,false
0670983,1,2,2026-09-03,2027-09-03,false
0706402,1,2,2026-09-03,2027-09-03,false
4186475,1,2,2026-09-03,2027-09-03,false
7562337,1,2,2026-09-03,2027-09-03,false
3745247,1,2,2026-09-03,2027-09-03,false
6507110,1,2,2026-09-03,2027-09-03,false
9977614,1,2,2026-09-03,2027-09-03,false
3708240,1,2,2026-09-03,2027-09-03,false
7591187,1,2,2026-09-03,2027-09-03,false
1963702,1,2,2026-09-03,2027-09-03,false
7308798,1,2,2026-09-03,2027-09-03,false
8459416,1,2,2026-09-03,2027-09-03,false
4345953,1,2,2026-09-03,2027-09-03,false
7916939,1,2,2026-09-03,2027-09-03,false
8692213,1,2,2026-09-03,2027-09-03,false
5619386,1,2,2026-09-03,2027-09-03,false
4913371,1,2,2026-09-03,2027-09-03,false
4840260,1,2,2026-09-03,2027-09-03,false
0934158,1,2,2026-09-03,2027-09-03,false
7399211,1,2,2026-09-03,2027-09-03,false
3787695,1,2,2026-09-03,2027-09-03,false
8440931,1,2,2026-09-03,2027-09-03,false
7139308,1,2,2026-09-03,2027-09-03,false
8205525,1,2,2026-09-03,2027-09-03,false
0898053,1,2,2026-09-03,2027-09-03,false
8901433,1,2,2026-09-03,2027-09-03,false
0472988,1,2,2026-09-03,2027-09-03,false
2179870,1,2,2026-09-03,2027-09-03,false
6598126,1,2,2026-09-03,2027-09-03,false
6231602,1,2,2026-09-03,2027-09-03,false
5105452,1,2,2026-09-03,2027-09-03,false
5697142,1,2,2026-09-03,2027-09-03,false
7629596,1,2,2026-09-03,2027-09-03,false
5111719,1,2,2026-09-03,2027-09-03,false
9880398,1,2,2026-09-03,2027-09-03,false
4184954,1,2,2026-09-03,2027-09-03,false
7020657,1,2,2026-09-03,2027-09-03,false
2138097,1,2,2026-09-03,2027-09-03,false
5230524,1,2,2026-09-03,2027-09-03,false
7675255,1,2,2026-09-03,2027-09-03,false
3468836,1,2,2026-09-03,2027-09-03,false
7939583,1,2,2026-09-03,2027-09-03,false
0711221,1,2,2026-09-03,2027-09-03,false
1164241,1,2,2026-09-03,2027-09-03,false
1939785,1,2,2026-09-03,2027-09-03,false
0630899,1,2,2026-09-03,2027-09-03,false
6883296,1,2,2026-09-03,2027-09-03,false
3892223,1,2,2026-09-03,2027-09-03,false
9015990,1,2,2026-09-03,2027-09-03,false
9534259,1,2,2026-09-03,2027-09-03,false
5201866,1,2,2026-09-03,2027-09-03,false
1493083,1,2,2026-09-03,2027-09-03,false
0944421,1,2,2026-09-03,2027-09-03,false
3323965,1,2,2026-09-03,2027-09-03,false
5395877,1,2,2026-09-03,2027-09-03,false
4767550,1,2,2026-09-03,2027-09-03,false
0835826,1,2,2026-09-03,2027-09-03,false
1574976,1,2,2026-09-03,2027-09-03,false
5959932,1,2,2026-09-03,2027-09-03,false
0556206,1,2,2026-09-03,2027-09-03,false
2372263,1,2,2026-09-03,2027-09-03,false
7506555,1,2,2026-09-03,2027-09-03,false
9105792,1,2,2026-09-03,2027-09-03,false
3464797,1,2,2026-09-03,2027-09-03,false
8576591,1,2,2026-09-03,2027-09-03,false
1431509,1,2,2026-09-03,2027-09-03,false
4140478,1,2,2026-09-03,2027-09-03,false
5114907,1,2,2026-09-03,2027-09-03,false
0260601,1,2,2026-09-03,2027-09-03,false
9718044,1,2,2026-09-03,2027-09-03,false
1492235,1,2,2026-09-03,2027-09-03,false
9043989,1,2,2026-09-03,2027-09-03,false
2854322,1,2,2026-09-03,2027-09-03,false
0493114,1,2,2026-09-03,2027-09-03,false
8432298,1,2,2026-09-03,2027-09-03,false
1737861,1,2,2026-09-03,2027-09-03,false
3098749,1,2,2026-09-03,2027-09-03,false
0030006,1,2,2026-09-03,2027-09-03,false
8610478,1,2,2026-09-03,2027-09-03,false
2029934,1,2,2026-09-03,2027-09-03,false
9057582,1,2,2026-09-03,2027-09-03,false
8527727,1,2,2026-09-03,2027-09-03,false
7282519,1,2,2026-09-03,2027-09-03,false
0708981,1,2,2026-09-03,2027-09-03,false
1239239,1,2,2026-09-03,2027-09-03,false
3301860,1,2,2026-09-03,2027-09-03,false
1572552,1,2,2026-09-03,2027-09-03,false
8035240,1,2,2026-09-03,2027-09-03,false
9491324,1,2,2026-09-03,2027-09-03,false
8401214,1,2,2026-09-03,2027-09-03,false
3363537,1,2,2026-09-03,2027-09-03,false
4204820,1,2,2026-09-03,2027-09-03,false
7769381,1,2,2026-09-03,2027-09-03,false
7431843,1,2,2026-09-03,2027-09-03,false
1462654,1,2,2026-09-03,2027-09-03,false
1366065,1,2,2026-09-03,2027-09-03,false
7254278,1,2,2026-09-03,2027-09-03,false
1060645,1,2,2026-09-03,2027-09-03,false
8647462,1,2,2026-09-03,2027-09-03,false
3510934,1,2,2026-09-03,2027-09-03,false
0634975,1,2,2026-09-03,2027-09-03,false
6074173,1,2,2026-09-03,2027-09-03,false
3102661,1,2,2026-09-03,2027-09-03,false
1729971,1,2,2026-09-03,2027-09-03,false
8083517,1,2,2026-09-03,2027-09-03,false
8838862,1,2,2026-09-03,2027-09-03,false
7825595,1,2,2026-09-03,2027-09-03,false
2968666,1,2,2026-09-03,2027-09-03,false
8111976,1,2,2026-09-03,2027-09-03,false
4103656,1,2,2026-09-03,2027-09-03,false
9882305,1,2,2026-09-03,2027-09-03,false
9843393,1,2,2026-09-03,2027-09-03,false
9789955,1,2,2026-09-03,2027-09-03,false
7672737,1,2,2026-09-03,2027-09-03,false
7891432,1,2,2026-09-03,2027-09-03,false
1253152,1,2,2026-09-03,2027-09-03,false
8120756,1,2,2026-09-03,2027-09-03,false
9218171,1,2,2026-09-03,2027-09-03,false
3591876,1,2,2026-09-03,2027-09-03,false
4045904,1,2,2026-09-03,2027-09-03,false
5612840,1,2,2026-09-03,2027-09-03,false
1716381,1,2,2026-09-03,2027-09-03,false
0770629,1,2,2026-09-03,2027-09-03,false
4661085,1,2,2026-09-03,2027-09-03,false
9024282,1,2,2026-09-03,2027-09-03,false
9148286,1,2,2026-09-03,2027-09-03,false
2157339,1,2,2026-09-03,2027-09-03,false
5444699,1,2,2026-09-03,2027-09-03,false
5614688,1,2,2026-09-03,2027-09-03,false
9883286,1,2,2026-09-03,2027-09-03,false
4487079,1,2,2026-09-03,2027-09-03,false
9392796,1,2,2026-09-03,2027-09-03,false
4936598,1,2,2026-09-03,2027-09-03,false
8636263,1,2,2026-09-03,2027-09-03,false
3230560,1,2,2026-09-03,2027-09-03,false
9649293,1,2,2026-09-03,2027-09-03,false
3305982,1,2,2026-09-03,2027-09-03,false
6375112,1,2,2026-09-03,2027-09-03,false
8896483,1,2,2026-09-03,2027-09-03,false
3647571,1,2,2026-09-03,2027-09-03,false
5630483,1,2,2026-09-03,2027-09-03,false
3670885,1,2,2026-09-03,2027-09-03,false
9424813,1,2,2026-09-03,2027-09-03,false
7802743,1,2,2026-09-03,2027-09-03,false
7912967,1,2,2026-09-03,2027-09-03,false
4082815,1,2,2026-09-03,2027-09-03,false
6651884,1,2,2026-09-03,2027-09-03,false
5969614,1,2,2026-09-03,2027-09-03,false
6998964,1,2,2026-09-03,2027-09-03,false
1226674,1,2,2026-09-03,2027-09-03,false
2903992,1,2,2026-09-03,2027-09-03,false
0021695,1,2,2026-09-03,2027-09-03,false
6057052,1,2,2026-09-03,2027-09-03,false
7086354,1,2,2026-09-03,2027-09-03,false
1320362,1,2,2026-09-03,2027-09-03,false
5740987,1,2,2026-09-03,2027-09-03,false
3276103,1,2,2026-09-03,2027-09-03,false
0865500,1,2,2026-09-03,2027-09-03,false
6839076,1,2,2026-09-03,2027-09-03,false
5873481,1,2,2026-09-03,2027-09-03,false
6022474,1,2,2026-09-03,2027-09-03,false
1623187,1,2,2026-09-03,2027-09-03,false
4626677,1,2,2026-09-03,2027-09-03,false
9223523,1,2,2026-09-03,2027-09-03,false
9334933,1,2,2026-09-03,2027-09-03,false
4289478,1,2,2026-09-03,2027-09-03,false
7240381,1,2,2026-09-03,2027-09-03,false
7826527,1,2,2026-09-03,2027-09-03,false
0161908,1,2,2026-09-03,2027-09-03,false
2534683,1,2,2026-09-03,2027-09-03,false
9513970,1,2,2026-09-03,2027-09-03,false
3577845,1,2,2026-09-03,2027-09-03,false
9443287,1,2,2026-09-03,2027-09-03,false
7730824,1,2,2026-09-03,2027-09-03,false
8506436,1,2,2026-09-03,2027-09-03,false
0335829,1,2,2026-09-03,2027-09-03,false
3645120,1,2,2026-09-03,2027-09-03,false
4619734,1,2,2026-09-03,2027-09-03,false
8032430,1,2,2026-09-03,2027-09-03,false
5976863,1,2,2026-09-03,2027-09-03,false
4114298,1,2,2026-09-03,2027-09-03,false
9242909,1,2,2026-09-03,2027-09-03,false
5845849,1,2,2026-09-03,2027-09-03,false
6833691,1,2,2026-09-03,2027-09-03,false
3105582,1,2,2026-09-03,2027-09-03,false
1518961,1,2,2026-09-03,2027-09-03,false
4337520,1,2,2026-09-03,2027-09-03,false
0593898,1,2,2026-09-03,2027-09-03,false
3771907,1,2,2026-09-03,2027-09-03,false
7251167,1,2,2026-09-03,2027-09-03,false
7591628,1,2,2026-09-03,2027-09-03,false
0993592,1,2,2026-09-03,2027-09-03,false
8577144,1,2,2026-09-03,2027-09-03,false
1857497,1,2,2026-09-03,2027-09-03,false
9458381,1,2,2026-09-03,2027-09-03,false
6769993,1,2,2026-09-03,2027-09-03,false
7122470,1,2,2026-09-03,2027-09-03,false
6911905,1,2,2026-09-03,2027-09-03,false
2349288,1,2,2026-09-03,2027-09-03,false
4801620,1,2,2026-09-03,2027-09-03,false
9316274,1,2,2026-09-03,2027-09-03,false
9874774,1,2,2026-09-03,2027-09-03,false
6544900,1,2,2026-09-03,2027-09-03,false
1972132,1,2,2026-09-03,2027-09-03,false
4391152,1,2,2026-09-03,2027-09-03,false
8139759,1,2,2026-09-03,2027-09-03,false
3601247,1,2,2026-09-03,2027-09-03,false
9210841,1,2,2026-09-03,2027-09-03,false
1604906,1,2,2026-09-03,2027-09-03,false
9928734,1,2,2026-09-03,2027-09-03,false
4718679,1,2,2026-09-03,2027-09-03,false
0620552,1,2,2026-09-03,2027-09-03,false
1024906,1,2,2026-09-03,2027-09-03,false
4004909,1,2,2026-09-03,2027-09-03,false
3500301,1,2,2026-09-03,2027-09-03,false
7911904,1,2,2026-09-03,2027-09-03,false
6924308,1,2,2026-09-03,2027-09-03,false
7148137,1,2,2026-09-03,2027-09-03,false
1973406,1,2,2026-09-03,2027-09-03,false
6178328,1,2,2026-09-03,2027-09-03,false
9865503,1,2,2026-09-03,2027-09-03,false
4888926,1,2,2026-09-03,2027-09-03,false
8966856,1,2,2026-09-03,2027-09-03,false
4625270,1,2,2026-09-03,2027-09-03,false
8379607,1,2,2026-09-03,2027-09-03,false
5976427,1,2,2026-09-03,2027-09-03,false
5013290,1,2,2026-09-03,2027-09-03,false
4274979,1,2,2026-09-03,2027-09-03,false
7581260,1,2,2026-09-03,2027-09-03,false
2513505,1,2,2026-09-03,2027-09-03,false
6443885,1,2,2026-09-03,2027-09-03,false
9108513,1,2,2026-09-03,2027-09-03,false
4428975,1,2,2026-09-03,2027-09-03,false
7396984,1,2,2026-09-03,2027-09-03,false
1027151,1,2,2026-09-03,2027-09-03,false
2084334,1,2,2026-09-03,2027-09-03,false
7643855,1,2,2026-09-03,2027-09-03,false
5822811,1,2,2026-09-03,2027-09-03,false
5393044,1,2,2026-09-03,2027-09-03,false
2592461,1,2,2026-09-03,2027-09-03,false
2749752,1,2,2026-09-03,2027-09-03,false
5516484,1,2,2026-09-03,2027-09-03,false
2115365,1,2,2026-09-03,2027-09-03,false
9257362,1,2,2026-09-03,2027-09-03,false
9100022,1,2,2026-09-03,2027-09-03,false
9026740,1,2,2026-09-03,2027-09-03,false
5683810,1,2,2026-09-03,2027-09-03,false
4899000,1,2,2026-09-03,2027-09-03,false
1140855,1,2,2026-09-03,2027-09-03,false
9291365,1,2,2026-09-03,2027-09-03,false
3108391,1,2,2026-09-03,2027-09-03,false
1980189,1,2,2026-09-03,2027-09-03,false
9808322,1,2,2026-09-03,2027-09-03,false
7381009,1,2,2026-09-03,2027-09-03,false
3013022,1,2,2026-09-03,2027-09-03,false
4018863,1,2,2026-09-03,2027-09-03,false
8659052,1,2,2026-09-03,2027-09-03,false
9332726,1,2,2026-09-03,2027-09-03,false
4807484,1,2,2026-09-03,2027-09-03,false
8480342,1,2,2026-09-03,2027-09-03,false
9432568,1,2,2026-09-03,2027-09-03,false
2544584,1,2,2026-09-03,2027-09-03,false
6887447,1,2,2026-09-03,2027-09-03,false
8174512,1,2,2026-09-03,2027-09-03,false
2416697,1,2,2026-09-03,2027-09-03,false
4277750,1,2,2026-09-03,2027-09-03,false
4598464,1,2,2026-09-03,2027-09-03,false
5162907,1,2,2026-09-03,2027-09-03,false
3403105,1,2,2026-09-03,2027-09-03,false
7753494,1,2,2026-09-03,2027-09-03,false
2883705,1,2,2026-09-03,2027-09-03,false
1450823,1,2,2026-09-03,2027-09-03,false
4557540,1,2,2026-09-03,2027-09-03,false
5205095,1,2,2026-09-03,2027-09-03,false
4277090,1,2,2026-09-03,2027-09-03,false
3301457,1,2,2026-09-03,2027-09-03,false
8993357,1,2,2026-09-03,2027-09-03,false
2416145,1,2,2026-09-03,2027-09-03,false
4307163,1,2,2026-09-03,2027-09-03,false
5087116,1,2,2026-09-03,2027-09-03,false
5332209,1,2,2026-09-03,2027-09-03,false
6444642,1,2,2026-09-03,2027-09-03,false
6151664,1,2,2026-09-03,2027-09-03,false
4637943,1,2,2026-09-03,2027-09-03,false
2083580,1,2,2026-09-03,2027-09-03,false
3463429,1,2,2026-09-03,2027-09-03,false
1741370,1,2,2026-09-03,2027-09-03,false
7408600,1,2,2026-09-03,2027-09-03,false
2634349,1,2,2026-09-03,2027-09-03,false
1084615,1,2,2026-09-03,2027-09-03,false
0550244,1,2,2026-09-03,2027-09-03,false
2594973,1,2,2026-09-03,2027-09-03,false
6887193,1,2,2026-09-03,2027-09-03,false
7849597,1,2,2026-09-03,2027-09-03,false
3158134,1,2,2026-09-03,2027-09-03,false
8500163,1,2,2026-09-03,2027-09-03,false
3853483,1,2,2026-09-03,2027-09-03,false
7054129,1,2,2026-09-03,2027-09-03,false
0577630,1,2,2026-09-03,2027-09-03,false
7234365,1,2,2026-09-03,2027-09-03,false
7609207,1,2,2026-09-03,2027-09-03,false
1938643,1,2,2026-09-03,2027-09-03,false
4857737,1,2,2026-09-03,2027-09-03,false
2115942,1,2,2026-09-03,2027-09-03,false
3067904,1,2,2026-09-03,2027-09-03,false
8480290,1,2,2026-09-03,2027-09-03,false
5284463,1,2,2026-09-03,2027-09-03,false
7115685,1,2,2026-09-03,2027-09-03,false
4927451,1,2,2026-09-03,2027-09-03,false
8596304,1,2,2026-09-03,2027-09-03,false
2209576,1,2,2026-09-03,2027-09-03,false
9444317,1,2,2026-09-03,2027-09-03,false
2051470,1,2,2026-09-03,2027-09-03,false
8830518,1,2,2026-09-03,2027-09-03,false
1025793,1,2,2026-09-03,2027-09-03,false
8243504,1,2,2026-09-03,2027-09-03,false
9307344,1,2,2026-09-03,2027-09-03,false
3755133,1,2,2026-09-03,2027-09-03,false
5596193,1,2,2026-09-03,2027-09-03,false
3162540,1,2,2026-09-03,2027-09-03,false
4108764,1,2,2026-09-03,2027-09-03,false
0281893,1,2,2026-09-03,2027-09-03,false
9168269,1,2,2026-09-03,2027-09-03,false
7880786,1,2,2026-09-03,2027-09-03,false
1230050,1,2,2026-09-03,2027-09-03,false
4686579,1,2,2026-09-03,2027-09-03,false
2561584,1,2,2026-09-03,2027-09-03,false
0289551,1,2,2026-09-03,2027-09-03,false
7499015,1,2,2026-09-03,2027-09-03,false
7949832,1,2,2026-09-03,2027-09-03,false
3492640,1,2,2026-09-03,2027-09-03,false
5914576,1,2,2026-09-03,2027-09-03,false
4480256,1,2,2026-09-03,2027-09-03,false
9207154,1,2,2026-09-03,2027-09-03,false
5692818,1,2,2026-09-03,2027-09-03,false
8510317,1,2,2026-09-03,2027-09-03,false
4435904,1,2,2026-09-03,2027-09-03,false
8811167,1,2,2026-09-03,2027-09-03,false
3758837,1,2,2026-09-03,2027-09-03,false
2048319,1,2,2026-09-03,2027-09-03,false
6044688,1,2,2026-09-03,2027-09-03,false
1475695,1,2,2026-09-03,2027-09-03,false
4732091,1,2,2026-09-03,2027-09-03,false
8678059,1,2,2026-09-03,2027-09-03,false
3819732,1,2,2026-09-03,2027-09-03,false
5670215,1,2,2026-09-03,2027-09-03,false
6258879,1,2,2026-09-03,2027-09-03,false
6927336,1,2,2026-09-03,2027-09-03,false
3082541,1,2,2026-09-03,2027-09-03,false
3760871,1,2,2026-09-03,2027-09-03,false
7602826,1,2,2026-09-03,2027-09-03,false
5361205,1,2,2026-09-03,2027-09-03,false
7118722,1,2,2026-09-03,2027-09-03,false
2884560,1,2,2026-09-03,2027-09-03,false
8499769,1,2,2026-09-03,2027-09-03,false
8706929,1,2,2026-09-03,2027-09-03,false
6224563,1,2,2026-09-03,2027-09-03,false
8858304,1,2,2026-09-03,2027-09-03,false
6179770,1,2,2026-09-03,2027-09-03,false
2195308,1,2,2026-09-03,2027-09-03,false
7884811,1,2,2026-09-03,2027-09-03,false
2955565,1,2,2026-09-03,2027-09-03,false
7452548,1,2,2026-09-03,2027-09-03,false
0635553,1,2,2026-09-03,2027-09-03,false
4928418,1,2,2026-09-03,2027-09-03,false
5794977,1,2,2026-09-03,2027-09-03,false
5731805,1,2,2026-09-03,2027-09-03,false
3539910,1,2,2026-09-03,2027-09-03,false
1070990,1,2,2026-09-03,2027-09-03,false
5841816,1,2,2026-09-03,2027-09-03,false
5995795,1,2,2026-09-03,2027-09-03,false
7096436,1,2,2026-09-03,2027-09-03,false
2759369,1,2,2026-09-03,2027-09-03,false
9013136,1,2,2026-09-03,2027-09-03,false
1464643,1,2,2026-09-03,2027-09-03,false
4555136,1,2,2026-09-03,2027-09-03,false
6437269,1,2,2026-09-03,2027-09-03,false
6239292,1,2,2026-09-03,2027-09-03,false
0103909,1,2,2026-09-03,2027-09-03,false
2805541,1,2,2026-09-03,2027-09-03,false
4026404,1,2,2026-09-03,2027-09-03,false
5108144,1,2,2026-09-03,2027-09-03,false
6150965,1,2,2026-09-03,2027-09-03,false
2383815,1,2,2026-09-03,2027-09-03,false
7522606,1,2,2026-09-03,2027-09-03,false
5666051,1,2,2026-09-03,2027-09-03,false
1255691,1,2,2026-09-03,2027-09-03,false
0785174,1,2,2026-09-03,2027-09-03,false
4398165,1,2,2026-09-03,2027-09-03,false
6341304,1,2,2026-09-03,2027-09-03,false
9695664,1,2,2026-09-03,2027-09-03,false
3790496,1,2,2026-09-03,2027-09-03,false
3853595,1,2,2026-09-03,2027-09-03,false
2921631,1,2,2026-09-03,2027-09-03,false
4311885,1,2,2026-09-03,2027-09-03,false
4022931,1,2,2026-09-03,2027-09-03,false
9444120,1,2,2026-09-03,2027-09-03,false
8960434,1,2,2026-09-03,2027-09-03,false
8767284,1,2,2026-09-03,2027-09-03,false
8592479,1,2,2026-09-03,2027-09-03,false
8449367,1,2,2026-09-03,2027-09-03,false
3624336,1,2,2026-09-03,2027-09-03,false
2649495,1,2,2026-09-03,2027-09-03,false
2603281,1,2,2026-09-03,2027-09-03,false
6977939,1,2,2026-09-03,2027-09-03,false
0980237,1,2,2026-09-03,2027-09-03,false
7056382,1,2,2026-09-03,2027-09-03,false
4882437,1,2,2026-09-03,2027-09-03,false
9532136,1,2,2026-09-03,2027-09-03,false
2758242,1,2,2026-09-03,2027-09-03,false
6618173,1,2,2026-09-03,2027-09-03,false
4749564,1,2,2026-09-03,2027-09-03,false
9508164,1,2,2026-09-03,2027-09-03,false
7388157,1,2,2026-09-03,2027-09-03,false
9414863,1,2,2026-09-03,2027-09-03,false
6433991,1,2,2026-09-03,2027-09-03,false
4148718,1,2,2026-09-03,2027-09-03,false
6259342,1,2,2026-09-03,2027-09-03,false
8982236,1,2,2026-09-03,2027-09-03,false
6587417,1,2,2026-09-03,2027-09-03,false
8786658,1,2,2026-09-03,2027-09-03,false
4021350,1,2,2026-09-03,2027-09-03,false
2479814,1,2,2026-09-03,2027-09-03,false
9339204,1,2,2026-09-03,2027-09-03,false
7497462,1,2,2026-09-03,2027-09-03,false
2740482,1,2,2026-09-03,2027-09-03,false
4064824,1,2,2026-09-03,2027-09-03,false
2178396,1,2,2026-09-03,2027-09-03,false
2868266,1,2,2026-09-03,2027-09-03,false
1701404,1,2,2026-09-03,2027-09-03,false
5861403,1,2,2026-09-03,2027-09-03,false
3744323,1,2,2026-09-03,2027-09-03,false
7360801,1,2,2026-09-03,2027-09-03,false
9131240,1,2,2026-09-03,2027-09-03,false
0961128,1,2,2026-09-03,2027-09-03,false
8677154,1,2,2026-09-03,2027-09-03,false
7706398,1,2,2026-09-03,2027-09-03,false
2064390,1,2,2026-09-03,2027-09-03,false
3534784,1,2,2026-09-03,2027-09-03,false
0004238,1,2,2026-09-03,2027-09-03,false
9928530,1,2,2026-09-03,2027-09-03,false
8169270,1,2,2026-09-03,2027-09-03,false
4514460,1,2,2026-09-03,2027-09-03,false
5469025,1,2,2026-09-03,2027-09-03,false
5911088,1,2,2026-09-03,2027-09-03,false
5970400,1,2,2026-09-03,2027-09-03,false
1211089,1,2,2026-09-03,2027-09-03,false
5334035,1,2,2026-09-03,2027-09-03,false
7093125,1,2,2026-09-03,2027-09-03,false
8978778,1,2,2026-09-03,2027-09-03,false
5346484,1,2,2026-09-03,2027-09-03,false
7506478,1,2,2026-09-03,2027-09-03,false
3734272,1,2,2026-09-03,2027-09-03,false
6836983,1,2,2026-09-03,2027-09-03,false
4897852,1,2,2026-09-03,2027-09-03,false
0780513,1,2,2026-09-03,2027-09-03,false
8446524,1,2,2026-09-03,2027-09-03,false
6137931,1,2,2026-09-03,2027-09-03,false
5604069,1,2,2026-09-03,2027-09-03,false
0395764,1,2,2026-09-03,2027-09-03,false
2630420,1,2,2026-09-03,2027-09-03,false
2577762,1,2,2026-09-03,2027-09-03,false
8084592,1,2,2026-09-03,2027-09-03,false
4631959,1,2,2026-09-03,2027-09-03,false
3255228,1,2,2026-09-03,2027-09-03,false
2743612,1,2,2026-09-03,2027-09-03,false
5331315,1,2,2026-09-03,2027-09-03,false
9032039,1,2,2026-09-03,2027-09-03,false
2686184,1,2,2026-09-03,2027-09-03,false
5829513,1,2,2026-09-03,2027-09-03,false
9633398,1,2,2026-09-03,2027-09-03,false
3649817,1,2,2026-09-03,2027-09-03,false
3099519,1,2,2026-09-03,2027-09-03,false
3005871,1,2,2026-09-03,2027-09-03,false
7835525,1,2,2026-09-03,2027-09-03,false
8568123,1,2,2026-09-03,2027-09-03,false
8173283,1,2,2026-09-03,2027-09-03,false
5226667,1,2,2026-09-03,2027-09-03,false
5337408,1,2,2026-09-03,2027-09-03,false
1914947,1,2,2026-09-03,2027-09-03,false
8152229,1,2,2026-09-03,2027-09-03,false
3712977,1,2,2026-09-03,2027-09-03,false
3162406,1,2,2026-09-03,2027-09-03,false
4955016,1,2,2026-09-03,2027-09-03,false
3462381,1,2,2026-09-03,2027-09-03,false
6130507,1,2,2026-09-03,2027-09-03,false
3241977,1,2,2026-09-03,2027-09-03,false
6815433,1,2,2026-09-03,2027-09-03,false
4093169,1,2,2026-09-03,2027-09-03,false
3142902,1,2,2026-09-03,2027-09-03,false
6149367,1,2,2026-09-03,2027-09-03,false
7850815,1,2,2026-09-03,2027-09-03,false
0335258,1,2,2026-09-03,2027-09-03,false
1643114,1,2,2026-09-03,2027-09-03,false
0533471,1,2,2026-09-03,2027-09-03,false
1031777,1,2,2026-09-03,2027-09-03,false
4517316,1,2,2026-09-03,2027-09-03,false
8264014,1,2,2026-09-03,2027-09-03,false
2164336,1,2,2026-09-03,2027-09-03,false
0363177,1,2,2026-09-03,2027-09-03,false
5808363,1,2,2026-09-03,2027-09-03,false
5720861,1,2,2026-09-03,2027-09-03,false
8835318,1,2,2026-09-03,2027-09-03,false
3710504,1,2,2026-09-03,2027-09-03,false
2266638,1,2,2026-09-03,2027-09-03,false
7109387,1,2,2026-09-03,2027-09-03,false
0458382,1,2,2026-09-03,2027-09-03,false
4092691,1,2,2026-09-03,2027-09-03,false
1666485,1,2,2026-09-03,2027-09-03,false
4022016,1,2,2026-09-03,2027-09-03,false
6647484,1,2,2026-09-03,2027-09-03,false
6686382,1,2,2026-09-03,2027-09-03,false
7478729,1,2,2026-09-03,2027-09-03,false
9676296,1,2,2026-09-03,2027-09-03,false
6520115,1,2,2026-09-03,2027-09-03,false
8046121,1,2,2026-09-03,2027-09-03,false
3905749,1,2,2026-09-03,2027-09-03,false
5750182,1,2,2026-09-03,2027-09-03,false
4839511,1,2,2026-09-03,2027-09-03,false
1544142,1,2,2026-09-03,2027-09-03,false
5439143,1,2,2026-09-03,2027-09-03,false
0336050,1,2,2026-09-03,2027-09-03,false
7982505,1,2,2026-09-03,2027-09-03,false
7418567,1,2,2026-09-03,2027-09-03,false
9223710,1,2,2026-09-03,2027-09-03,false
0104220,1,2,2026-09-03,2027-09-03,false
2935205,1,2,2026-09-03,2027-09-03,false
1082281,1,2,2026-09-03,2027-09-03,false
6597441,1,2,2026-09-03,2027-09-03,false
0259649,1,2,2026-09-03,2027-09-03,false
7222652,1,2,2026-09-03,2027-09-03,false
9940989,1,2,2026-09-03,2027-09-03,false
9404452,1,2,2026-09-03,2027-09-03,false
0257082,1,2,2026-09-03,2027-09-03,false
2165302,1,2,2026-09-03,2027-09-03,false
4774401,1,2,2026-09-03,2027-09-03,false
3304456,1,2,2026-09-03,2027-09-03,false
4240418,1,2,2026-09-03,2027-09-03,false
1241286,1,2,2026-09-03,2027-09-03,false
6931285,1,2,2026-09-03,2027-09-03,false
1586157,1,2,2026-09-03,2027-09-03,false
5555391,1,2,2026-09-03,2027-09-03,false
2247003,1,2,2026-09-03,2027-09-03,false
1705289,1,2,2026-09-03,2027-09-03,false
5341335,1,2,2026-09-03,2027-09-03,false
8391764,1,2,2026-09-03,2027-09-03,false
3363819,1,2,2026-09-03,2027-09-03,false
0033948,1,2,2026-09-03,2027-09-03,false
6190353,1,2,2026-09-03,2027-09-03,false
4920928,1,2,2026-09-03,2027-09-03,false
5290800,1,2,2026-09-03,2027-09-03,false
3730165,1,2,2026-09-03,2027-09-03,false
5428932,1,2,2026-09-03,2027-09-03,false
2033814,1,2,2026-09-03,2027-09-03,false
2122107,1,2,2026-09-03,2027-09-03,false
5203006,1,2,2026-09-03,2027-09-03,false
7829739,1,2,2026-09-03,2027-09-03,false
9004701,1,2,2026-09-03,2027-09-03,false
7595856,1,2,2026-09-03,2027-09-03,false
4365119,1,2,2026-09-03,2027-09-03,false
2995696,1,2,2026-09-03,2027-09-03,false
2215398,1,2,2026-09-03,2027-09-03,false
6768240,1,2,2026-09-03,2027-09-03,false
3545824,1,2,2026-09-03,2027-09-03,false
5887430,1,2,2026-09-03,2027-09-03,false
0803079,1,2,2026-09-03,2027-09-03,false
3291731,1,2,2026-09-03,2027-09-03,false
6166414,1,2,2026-09-03,2027-09-03,false
9521121,1,2,2026-09-03,2027-09-03,false
4931199,1,2,2026-09-03,2027-09-03,false
4416914,1,2,2026-09-03,2027-09-03,false
8606063,1,2,2026-09-03,2027-09-03,false
6872390,1,2,2026-09-03,2027-09-03,false
6529986,1,2,2026-09-03,2027-09-03,false
0348367,1,2,2026-09-03,2027-09-03,false
5154574,1,2,2026-09-03,2027-09-03,false
8665004,1,2,2026-09-03,2027-09-03,false
3431258,1,2,2026-09-03,2027-09-03,false
5603653,1,2,2026-09-03,2027-09-03,false
5321994,1,2,2026-09-03,2027-09-03,false
6177515,1,2,2026-09-03,2027-09-03,false
4456768,1,2,2026-09-03,2027-09-03,false
3449461,1,2,2026-09-03,2027-09-03,false
8512296,1,2,2026-09-03,2027-09-03,false
7038277,1,2,2026-09-03,2027-09-03,false
3785541,1,2,2026-09-03,2027-09-03,false
4923212,1,2,2026-09-03,2027-09-03,false
8740815,1,2,2026-09-03,2027-09-03,false
8820891,1,2,2026-09-03,2027-09-03,false
0816812,1,2,2026-09-03,2027-09-03,false
6909851,1,2,2026-09-03,2027-09-03,false
5719342,1,2,2026-09-03,2027-09-03,false
8100559,1,2,2026-09-03,2027-09-03,false
2609032,1,2,2026-09-03,2027-09-03,false
3248829,1,2,2026-09-03,2027-09-03,false
1359340,1,2,2026-09-03,2027-09-03,false
4740721,1,2,2026-09-03,2027-09-03,false
0963574,1,2,2026-09-03,2027-09-03,false
0591947,1,2,2026-09-03,2027-09-03,false
1388219,1,2,2026-09-03,2027-09-03,false
3612372,1,2,2026-09-03,2027-09-03,false
3650867,1,2,2026-09-03,2027-09-03,false
2857892,1,2,2026-09-03,2027-09-03,false
8665460,1,2,2026-09-03,2027-09-03,false
7001036,1,2,2026-09-03,2027-09-03,false
5636043,1,2,2026-09-03,2027-09-03,false
1057913,1,2,2026-09-03,2027-09-03,false
8721793,1,2,2026-09-03,2027-09-03,false
4293785,1,2,2026-09-03,2027-09-03,false
5713961,1,2,2026-09-03,2027-09-03,false
7591864,1,2,2026-09-03,2027-09-03,false
6560065,1,2,2026-09-03,2027-09-03,false
4490126,1,2,2026-09-03,2027-09-03,false
1766668,1,2,2026-09-03,2027-09-03,false
8025118,1,2,2026-09-03,2027-09-03,false
0959657,1,2,2026-09-03,2027-09-03,false
7024714,1,2,2026-09-03,2027-09-03,false
3608806,1,2,2026-09-03,2027-09-03,false
0127271,1,2,2026-09-03,2027-09-03,false
1178786,1,2,2026-09-03,2027-09-03,false
5380675,1,2,2026-09-03,2027-09-03,false
4884767,1,2,2026-09-03,2027-09-03,false
9268920,1,2,2026-09-03,2027-09-03,false
6787375,1,2,2026-09-03,2027-09-03,false
5711248,1,2,2026-09-03,2027-09-03,false
1842225,1,2,2026-09-03,2027-09-03,false
0663641,1,2,2026-09-03,2027-09-03,false
2170019,1,2,2026-09-03,2027-09-03,false
5159037,1,2,2026-09-03,2027-09-03,false
6428980,1,2,2026-09-03,2027-09-03,false
1444858,1,2,2026-09-03,2027-09-03,false
7913878,1,2,2026-09-03,2027-09-03,false
3321722,1,2,2026-09-03,2027-09-03,false
4606093,1,2,2026-09-03,2027-09-03,false
8722205,1,2,2026-09-03,2027-09-03,false
1593179,1,2,2026-09-03,2027-09-03,false
1419486,1,2,2026-09-03,2027-09-03,false
0894929,1,2,2026-09-03,2027-09-03,false
4349877,1,2,2026-09-03,2027-09-03,false
3841900,1,2,2026-09-03,2027-09-03,false
2874900,1,2,2026-09-03,2027-09-03,false
6916244,1,2,2026-09-03,2027-09-03,false
8621616,1,2,2026-09-03,2027-09-03,false
9692859,1,2,2026-09-03,2027-09-03,false
7168679,1,2,2026-09-03,2027-09-03,false
7386413,1,2,2026-09-03,2027-09-03,false
0034643,1,2,2026-09-03,2027-09-03,false
5651285,1,2,2026-09-03,2027-09-03,false
3615050,1,2,2026-09-03,2027-09-03,false
4112206,1,2,2026-09-03,2027-09-03,false
4914418,1,2,2026-09-03,2027-09-03,false
8326032,1,2,2026-09-03,2027-09-03,false
7833104,1,2,2026-09-03,2027-09-03,false
6822922,1,2,2026-09-03,2027-09-03,false
9102165,1,2,2026-09-03,2027-09-03,false
3803064,1,2,2026-09-03,2027-09-03,false
9328081,1,2,2026-09-03,2027-09-03,false
9912874,1,2,2026-09-03,2027-09-03,false
5146624,1,2,2026-09-03,2027-09-03,false
4182380,1,2,2026-09-03,2027-09-03,false
2794507,1,2,2026-09-03,2027-09-03,false
3413235,1,2,2026-09-03,2027-09-03,false
6133237,1,2,2026-09-03,2027-09-03,false
4778511,1,2,2026-09-03,2027-09-03,false
5501757,1,2,2026-09-03,2027-09-03,false
1706481,1,2,2026-09-03,2027-09-03,false
0065532,1,2,2026-09-03,2027-09-03,false
2510714,1,2,2026-09-03,2027-09-03,false
3744063,1,2,2026-09-03,2027-09-03,false
3389613,1,2,2026-09-03,2027-09-03,false
4241849,1,2,2026-09-03,2027-09-03,false
5933598,1,2,2026-09-03,2027-09-03,false
6395435,1,2,2026-09-03,2027-09-03,false
6233262,1,2,2026-09-03,2027-09-03,false
0749560,1,2,2026-09-03,2027-09-03,false
1232591,1,2,2026-09-03,2027-09-03,false
7361783,1,2,2026-09-03,2027-09-03,false
0275987,1,2,2026-09-03,2027-09-03,false
8621159,1,2,2026-09-03,2027-09-03,false
1157053,1,2,2026-09-03,2027-09-03,false
6851860,1,2,2026-09-03,2027-09-03,false
8696730,1,2,2026-09-03,2027-09-03,false
7760262,1,2,2026-09-03,2027-09-03,false
1254742,1,2,2026-09-03,2027-09-03,false
3261408,1,2,2026-09-03,2027-09-03,false
8788129,1,2,2026-09-03,2027-09-03,false
4096853,1,2,2026-09-03,2027-09-03,false
1704067,1,2,2026-09-03,2027-09-03,false
6587808,1,2,2026-09-03,2027-09-03,false
7190557,1,2,2026-09-03,2027-09-03,false
7565479,1,2,2026-09-03,2027-09-03,false
7020069,1,2,2026-09-03,2027-09-03,false
2213627,1,2,2026-09-03,2027-09-03,false
0704296,1,2,2026-09-03,2027-09-03,false
6459770,1,2,2026-09-03,2027-09-03,false
7035542,1,2,2026-09-03,2027-09-03,false
0431391,1,2,2026-09-03,2027-09-03,false
8177504,1,2,2026-09-03,2027-09-03,false
7754751,1,2,2026-09-03,2027-09-03,false
0418816,1,2,2026-09-03,2027-09-03,false
3695468,1,2,2026-09-03,2027-09-03,false
2370759,1,2,2026-09-03,2027-09-03,false
7814156,1,2,2026-09-03,2027-09-03,false
2989902,1,2,2026-09-03,2027-09-03,false
0668261,1,2,2026-09-03,2027-09-03,false
0667122,1,2,2026-09-03,2027-09-03,false
4297111,1,2,2026-09-03,2027-09-03,false
0198906,1,2,2026-09-03,2027-09-03,false
7663327,1,2,2026-09-03,2027-09-03,false
2715029,1,2,2026-09-03,2027-09-03,false
6838278,1,2,2026-09-03,2027-09-03,false
8306641,1,2,2026-09-03,2027-09-03,false
0254241,1,2,2026-09-03,2027-09-03,false
0542975,1,2,2026-09-03,2027-09-03,false
7517102,1,2,2026-09-03,2027-09-03,false
7612982,1,2,2026-09-03,2027-09-03,false
0821526,1,2,2026-09-03,2027-09-03,false
8273321,1,2,2026-09-03,2027-09-03,false
0512540,1,2,2026-09-03,2027-09-03,false
4739631,1,2,2026-09-03,2027-09-03,false
4667788,1,2,2026-09-03,2027-09-03,false
3113019,1,2,2026-09-03,2027-09-03,false
8976126,1,2,2026-09-03,2027-09-03,false
4686325,1,2,2026-09-03,2027-09-03,false
9909058,1,2,2026-09-03,2027-09-03,false
7240874,1,2,2026-09-03,2027-09-03,false
4581531,1,2,2026-09-03,2027-09-03,false
0765799,1,2,2026-09-03,2027-09-03,false
2905278,1,2,2026-09-03,2027-09-03,false
4714385,1,2,2026-09-03,2027-09-03,false
8283999,1,2,2026-09-03,2027-09-03,false
5459782,1,2,2026-09-03,2027-09-03,false
1484270,1,2,2026-09-03,2027-09-03,false
2400964,1,2,2026-09-03,2027-09-03,false
2265988,1,2,2026-09-03,2027-09-03,false
7860884,1,2,2026-09-03,2027-09-03,false
0507829,1,2,2026-09-03,2027-09-03,false
7023889,1,2,2026-09-03,2027-09-03,false
5810676,1,2,2026-09-03,2027-09-03,false
2163825,1,2,2026-09-03,2027-09-03,false
1614819,1,2,2026-09-03,2027-09-03,false
1964102,1,2,2026-09-03,2027-09-03,false
6512513,1,2,2026-09-03,2027-09-03,false
1193940,1,2,2026-09-03,2027-09-03,false
6321096,1,2,2026-09-03,2027-09-03,false
4101728,1,2,2026-09-03,2027-09-03,false
7034039,1,2,2026-09-03,2027-09-03,false
4048042,1,2,2026-09-03,2027-09-03,false
5739140,1,2,2026-09-03,2027-09-03,false
1313220,1,2,2026-09-03,2027-09-03,false
5598685,1,2,2026-09-03,2027-09-03,false
5115983,1,2,2026-09-03,2027-09-03,false
9964278,1,2,2026-09-03,2027-09-03,false
6787395,1,2,2026-09-03,2027-09-03,false
2896667,1,2,2026-09-03,2027-09-03,false
0562941,1,2,2026-09-03,2027-09-03,false
4041395,1,2,2026-09-03,2027-09-03,false
8032630,1,2,2026-09-03,2027-09-03,false
6787787,1,2,2026-09-03,2027-09-03,false
4341544,1,2,2026-09-03,2027-09-03,false
2103425,1,2,2026-09-03,2027-09-03,false
5818511,1,2,2026-09-03,2027-09-03,false
0273268,1,2,2026-09-03,2027-09-03,false
3507534,1,2,2026-09-03,2027-09-03,false
2211524,1,2,2026-09-03,2027-09-03,false
2371371,1,2,2026-09-03,2027-09-03,false
4397593,1,2,2026-09-03,2027-09-03,false
7873849,1,2,2026-09-03,2027-09-03,false
3869374,1,2,2026-09-03,2027-09-03,false
6609247,1,2,2026-09-03,2027-09-03,false
6379276,1,2,2026-09-03,2027-09-03,false
2872346,1,2,2026-09-03,2027-09-03,false
0018337,1,2,2026-09-03,2027-09-03,false
7129846,1,2,2026-09-03,2027-09-03,false
2348406,1,2,2026-09-03,2027-09-03,false
4175557,1,2,2026-09-03,2027-09-03,false
7858202,1,2,2026-09-03,2027-09-03,false
5792253,1,2,2026-09-03,2027-09-03,false
8011878,1,2,2026-09-03,2027-09-03,false
2306828,1,2,2026-09-03,2027-09-03,false
4948347,1,2,2026-09-03,2027-09-03,false
1989495,1,2,2026-09-03,2027-09-03,false
1420727,1,2,2026-09-03,2027-09-03,false
0641637,1,2,2026-09-03,2027-09-03,false
2702189,1,2,2026-09-03,2027-09-03,false
1450796,1,2,2026-09-03,2027-09-03,false
8497557,1,2,2026-09-03,2027-09-03,false
4516510,1,2,2026-09-03,2027-09-03,false
4081174,1,2,2026-09-03,2027-09-03,false
2777362,1,2,2026-09-03,2027-09-03,false
5112872,1,2,2026-09-03,2027-09-03,false
2200406,1,2,2026-09-03,2027-09-03,false
2223148,1,2,2026-09-03,2027-09-03,false
5369171,1,2,2026-09-03,2027-09-03,false
6405699,1,2,2026-09-03,2027-09-03,false
2994325,1,2,2026-09-03,2027-09-03,false
0954375,1,2,2026-09-03,2027-09-03,false
2559914,1,2,2026-09-03,2027-09-03,false
3756559,1,2,2026-09-03,2027-09-03,false
0159744,1,2,2026-09-03,2027-09-03,false
2680516,1,2,2026-09-03,2027-09-03,false
8490121,1,2,2026-09-03,2027-09-03,false
4691581,1,2,2026-09-03,2027-09-03,false
6834973,1,2,2026-09-03,2027-09-03,false
7493183,1,2,2026-09-03,2027-09-03,false
1548208,1,2,2026-09-03,2027-09-03,false
6083011,1,2,2026-09-03,2027-09-03,false
7792381,1,2,2026-09-03,2027-09-03,false
1257534,1,2,2026-09-03,2027-09-03,false
2560174,1,2,2026-09-03,2027-09-03,false
9512557,1,2,2026-09-03,2027-09-03,false
1395363,1,2,2026-09-03,2027-09-03,false
0776658,1,2,2026-09-03,2027-09-03,false
9926850,1,2,2026-09-03,2027-09-03,false
4608323,1,2,2026-09-03,2027-09-03,false
0622724,1,2,2026-09-03,2027-09-03,false
0586751,1,2,2026-09-03,2027-09-03,false
5081197,1,2,2026-09-03,2027-09-03,false
1087800,1,2,2026-09-03,2027-09-03,false
5284566,1,2,2026-09-03,2027-09-03,false
6691358,1,2,2026-09-03,2027-09-03,false
9004297,1,2,2026-09-03,2027-09-03,false
7006276,1,2,2026-09-03,2027-09-03,false
0711680,1,2,2026-09-03,2027-09-03,false
0879122,1,2,2026-09-03,2027-09-03,false
6900460,1,2,2026-09-03,2027-09-03,false
2281585,1,2,2026-09-03,2027-09-03,false
2865243,1,2,2026-09-03,2027-09-03,false
0195728,1,2,2026-09-03,2027-09-03,false
3014737,1,2,2026-09-03,2027-09-03,false
6638302,1,2,2026-09-03,2027-09-03,false
0315151,1,2,2026-09-03,2027-09-03,false
6523521,1,2,2026-09-03,2027-09-03,false
7811877,1,2,2026-09-03,2027-09-03,false
5674737,1,2,2026-09-03,2027-09-03,false
3555087,1,2,2026-09-03,2027-09-03,false
9465879,1,2,2026-09-03,2027-09-03,false
0238196,1,2,2026-09-03,2027-09-03,false
7066490,1,2,2026-09-03,2027-09-03,false
2525020,1,2,2026-09-03,2027-09-03,false
8469096,1,2,2026-09-03,2027-09-03,false
9904846,1,2,2026-09-03,2027-09-03,false
6690568,1,2,2026-09-03,2027-09-03,false
3774068,1,2,2026-09-03,2027-09-03,false
3549350,1,2,2026-09-03,2027-09-03,false
3601411,1,2,2026-09-03,2027-09-03,false
5608953,1,2,2026-09-03,2027-09-03,false
9823122,1,2,2026-09-03,2027-09-03,false
4725825,1,2,2026-09-03,2027-09-03,false
5134150,1,2,2026-09-03,2027-09-03,false
5752974,1,2,2026-09-03,2027-09-03,false
8515890,1,2,2026-09-03,2027-09-03,false
6431541,1,2,2026-09-03,2027-09-03,false
3237799,1,2,2026-09-03,2027-09-03,false
3347862,1,2,2026-09-03,2027-09-03,false
5836628,1,2,2026-09-03,2027-09-03,false
4798764,1,2,2026-09-03,2027-09-03,false
1518719,1,2,2026-09-03,2027-09-03,false
8834158,1,2,2026-09-03,2027-09-03,false
1284953,1,2,2026-09-03,2027-09-03,false
7643891,1,2,2026-09-03,2027-09-03,false
0875778,1,2,2026-09-03,2027-09-03,false
9128535,1,2,2026-09-03,2027-09-03,false
7163654,1,2,2026-09-03,2027-09-03,false
2559568,1,2,2026-09-03,2027-09-03,false
1515317,1,2,2026-09-03,2027-09-03,false
0270877,1,2,2026-09-03,2027-09-03,false
2840815,1,2,2026-09-03,2027-09-03,false
7377965,1,2,2026-09-03,2027-09-03,false
0620315,1,2,2026-09-03,2027-09-03,false
2167287,1,2,2026-09-03,2027-09-03,false
0835624,1,2,2026-09-03,2027-09-03,false
5664167,1,2,2026-09-03,2027-09-03,false
6970399,1,2,2026-09-03,2027-09-03,false
5289468,1,2,2026-09-03,2027-09-03,false
1725727,1,2,2026-09-03,2027-09-03,false
9038407,1,2,2026-09-03,2027-09-03,false
8174098,1,2,2026-09-03,2027-09-03,false
9593334,1,2,2026-09-03,2027-09-03,false
3824707,1,2,2026-09-03,2027-09-03,false
3097788,1,2,2026-09-03,2027-09-03,false
3069659,1,2,2026-09-03,2027-09-03,false
2173166,1,2,2026-09-03,2027-09-03,false
2784767,1,2,2026-09-03,2027-09-03,false
7212515,1,2,2026-09-03,2027-09-03,false
5931697,1,2,2026-09-03,2027-09-03,false
3800487,1,2,2026-09-03,2027-09-03,false
3352176,1,2,2026-09-03,2027-09-03,false
5999369,1,2,2026-09-03,2027-09-03,false
0005411,1,2,2026-09-03,2027-09-03,false
8492475,1,2,2026-09-03,2027-09-03,false
4885088,1,2,2026-09-03,2027-09-03,false
0276275,1,2,2026-09-03,2027-09-03,false
3304554,1,2,2026-09-03,2027-09-03,false
3422554,1,2,2026-09-03,2027-09-03,false
8706966,1,2,2026-09-03,2027-09-03,false
5677635,1,2,2026-09-03,2027-09-03,false
5991960,1,2,2026-09-03,2027-09-03,false
5087979,1,2,2026-09-03,2027-09-03,false
3125709,1,2,2026-09-03,2027-09-03,false
1091955,1,2,2026-09-03,2027-09-03,false
2315025,1,2,2026-09-03,2027-09-03,false
9552965,1,2,2026-09-03,2027-09-03,false
3420652,1,2,2026-09-03,2027-09-03,false
1766369,1,2,2026-09-03,2027-09-03,false
7685912,1,2,2026-09-03,2027-09-03,false
3742411,1,2,2026-09-03,2027-09-03,false
8480041,1,2,2026-09-03,2027-09-03,false
5978931,1,2,2026-09-03,2027-09-03,false
3665574,1,2,2026-09-03,2027-09-03,false
0180953,1,2,2026-09-03,2027-09-03,false
2773899,1,2,2026-09-03,2027-09-03,false
3175949,1,2,2026-09-03,2027-09-03,false
7666044,1,2,2026-09-03,2027-09-03,false
7842609,1,2,2026-09-03,2027-09-03,false
6334572,1,2,2026-09-03,2027-09-03,false
0919290,1,2,2026-09-03,2027-09-03,false
0266161,1,2,2026-09-03,2027-09-03,false
0004155,1,2,2026-09-03,2027-09-03,false
4283692,1,2,2026-09-03,2027-09-03,false
4856924,1,2,2026-09-03,2027-09-03,false
1898780,1,2,2026-09-03,2027-09-03,false
1925697,1,2,2026-09-03,2027-09-03,false
6510129,1,2,2026-09-03,2027-09-03,false
6679528,1,2,2026-09-03,2027-09-03,false
1136805,1,2,2026-09-03,2027-09-03,false
6509006,1,2,2026-09-03,2027-09-03,false
2017757,1,2,2026-09-03,2027-09-03,false
5057057,1,2,2026-09-03,2027-09-03,false
2659161,1,2,2026-09-03,2027-09-03,false
9362101,1,2,2026-09-03,2027-09-03,false
7477594,1,2,2026-09-03,2027-09-03,false
2639239,1,2,2026-09-03,2027-09-03,false
3478890,1,2,2026-09-03,2027-09-03,false
3453390,1,2,2026-09-03,2027-09-03,false
3719183,1,2,2026-09-03,2027-09-03,false
4549765,1,2,2026-09-03,2027-09-03,false
2419502,1,2,2026-09-03,2027-09-03,false
8492916,1,2,2026-09-03,2027-09-03,false
4320659,1,2,2026-09-03,2027-09-03,false
2263142,1,2,2026-09-03,2027-09-03,false
6593557,1,2,2026-09-03,2027-09-03,false
6933496,1,2,2026-09-03,2027-09-03,false
6949645,1,2,2026-09-03,2027-09-03,false
6032101,1,2,2026-09-03,2027-09-03,false
9192409,1,2,2026-09-03,2027-09-03,false
0461597,1,2,2026-09-03,2027-09-03,false
2848188,1,2,2026-09-03,2027-09-03,false
1141060,1,2,2026-09-03,2027-09-03,false
2459449,1,2,2026-09-03,2027-09-03,false
9206010,1,2,2026-09-03,2027-09-03,false
6396559,1,2,2026-09-03,2027-09-03,false
9588140,1,2,2026-09-03,2027-09-03,false
5527487,1,2,2026-09-03,2027-09-03,false
3324895,1,2,2026-09-03,2027-09-03,false
4431959,1,2,2026-09-03,2027-09-03,false
5279200,1,2,2026-09-03,2027-09-03,false
9755079,1,2,2026-09-03,2027-09-03,false
9248565,1,2,2026-09-03,2027-09-03,false
5642240,1,2,2026-09-03,2027-09-03,false
6404506,1,2,2026-09-03,2027-09-03,false
9772510,1,2,2026-09-03,2027-09-03,false
7558219,1,2,2026-09-03,2027-09-03,false
3447107,1,2,2026-09-03,2027-09-03,false
2533241,1,2,2026-09-03,2027-09-03,false
2018267,1,2,2026-09-03,2027-09-03,false
7781998,1,2,2026-09-03,2027-09-03,false
0516961,1,2,2026-09-03,2027-09-03,false
2091945,1,2,2026-09-03,2027-09-03,false
3729507,1,2,2026-09-03,2027-09-03,false
7373390,1,2,2026-09-03,2027-09-03,false
2768154,1,2,2026-09-03,2027-09-03,false
6250594,1,2,2026-09-03,2027-09-03,false
6965673,1,2,2026-09-03,2027-09-03,false
7309133,1,2,2026-09-03,2027-09-03,false
0747879,1,2,2026-09-03,2027-09-03,false
4632399,1,2,2026-09-03,2027-09-03,false
9512200,1,2,2026-09-03,2027-09-03,false
8957868,1,2,2026-09-03,2027-09-03,false
9223637,1,2,2026-09-03,2027-09-03,false
0237844,1,2,2026-09-03,2027-09-03,false
2916290,1,2,2026-09-03,2027-09-03,false
6735426,1,2,2026-09-03,2027-09-03,false
5250989,1,2,2026-09-03,2027-09-03,false
6846024,1,2,2026-09-03,2027-09-03,false
8331481,1,2,2026-09-03,2027-09-03,false
6297829,1,2,2026-09-03,2027-09-03,false
6412200,1,2,2026-09-03,2027-09-03,false
3679037,1,2,2026-09-03,2027-09-03,false
4104900,1,2,2026-09-03,2027-09-03,false
7759931,1,2,2026-09-03,2027-09-03,false
1758714,1,2,2026-09-03,2027-09-03,false
5849203,1,2,2026-09-03,2027-09-03,false
3155498,1,2,2026-09-03,2027-09-03,false
8059567,1,2,2026-09-03,2027-09-03,false
1969975,1,2,2026-09-03,2027-09-03,false
9695407,1,2,2026-09-03,2027-09-03,false
6794022,1,2,2026-09-03,2027-09-03,false
3046610,1,2,2026-09-03,2027-09-03,false
1441799,1,2,2026-09-03,2027-09-03,false
2915044,1,2,2026-09-03,2027-09-03,false
9401722,1,2,2026-09-03,2027-09-03,false
6081423,1,2,2026-09-03,2027-09-03,false
5000379,1,2,2026-09-03,2027-09-03,false
8434727,1,2,2026-09-03,2027-09-03,false
8115879,1,2,2026-09-03,2027-09-03,false
1595966,1,2,2026-09-03,2027-09-03,false
6707679,1,2,2026-09-03,2027-09-03,false
6834940,1,2,2026-09-03,2027-09-03,false
2358599,1,2,2026-09-03,2027-09-03,false
5526369,1,2,2026-09-03,2027-09-03,false
4930106,1,2,2026-09-03,2027-09-03,false
4319231,1,2,2026-09-03,2027-09-03,false
9958954,1,2,2026-09-03,2027-09-03,false
1627238,1,2,2026-09-03,2027-09-03,false
2341618,1,2,2026-09-03,2027-09-03,false
0869595,1,2,2026-09-03,2027-09-03,false
0566610,1,2,2026-09-03,2027-09-03,false
4698149,1,2,2026-09-03,2027-09-03,false
7075409,1,2,2026-09-03,2027-09-03,false
9332777,1,2,2026-09-03,2027-09-03,false
5277559,1,2,2026-09-03,2027-09-03,false
0549093,1,2,2026-09-03,2027-09-03,false
6936934,1,2,2026-09-03,2027-09-03,false
8095656,1,2,2026-09-03,2027-09-03,false
8884490,1,2,2026-09-03,2027-09-03,false
7797843,1,2,2026-09-03,2027-09-03,false
0155089,1,2,2026-09-03,2027-09-03,false
9026115,1,2,2026-09-03,2027-09-03,false
3857215,1,2,2026-09-03,2027-09-03,false
9298798,1,2,2026-09-03,2027-09-03,false
0402807,1,2,2026-09-03,2027-09-03,false
2953181,1,2,2026-09-03,2027-09-03,false
0463414,1,2,2026-09-03,2027-09-03,false
2340162,1,2,2026-09-03,2027-09-03,false
7220497,1,2,2026-09-03,2027-09-03,false
8519945,1,2,2026-09-03,2027-09-03,false
3537393,1,2,2026-09-03,2027-09-03,false
8823764,1,2,2026-09-03,2027-09-03,false
1249506,1,2,2026-09-03,2027-09-03,false
1598933,1,2,2026-09-03,2027-09-03,false
0915690,1,2,2026-09-03,2027-09-03,false
4888779,1,2,2026-09-03,2027-09-03,false
1240818,1,2,2026-09-03,2027-09-03,false
0986489,1,2,2026-09-03,2027-09-03,false
2117763,1,2,2026-09-03,2027-09-03,false
6173323,1,2,2026-09-03,2027-09-03,false
0877180,1,2,2026-09-03,2027-09-03,false
8740797,1,2,2026-09-03,2027-09-03,false
5644899,1,2,2026-09-03,2027-09-03,false
3567172,1,2,2026-09-03,2027-09-03,false
8659751,1,2,2026-09-03,2027-09-03,false
6642978,1,2,2026-09-03,2027-09-03,false
8575434,1,2,2026-09-03,2027-09-03,false
9893538,1,2,2026-09-03,2027-09-03,false
2010636,1,2,2026-09-03,2027-09-03,false
7579293,1,2,2026-09-03,2027-09-03,false
7280844,1,2,2026-09-03,2027-09-03,false
6244082,1,2,2026-09-03,2027-09-03,false
9743281,1,2,2026-09-03,2027-09-03,false
0908166,1,2,2026-09-03,2027-09-03,false
8888698,1,2,2026-09-03,2027-09-03,false
5472830,1,2,2026-09-03,2027-09-03,false
3177298,1,2,2026-09-03,2027-09-03,false
4956035,1,2,2026-09-03,2027-09-03,false
0337671,1,2,2026-09-03,2027-09-03,false
3684097,1,2,2026-09-03,2027-09-03,false
3163850,1,2,2026-09-03,2027-09-03,false
0846744,1,2,2026-09-03,2027-09-03,false
0868533,1,2,2026-09-03,2027-09-03,false
6114280,1,2,2026-09-03,2027-09-03,false
5058412,1,2,2026-09-03,2027-09-03,false
7110597,1,2,2026-09-03,2027-09-03,false
0831579,1,2,2026-09-03,2027-09-03,false
7953244,1,2,2026-09-03,2027-09-03,false
7164588,1,2,2026-09-03,2027-09-03,false
4322353,1,2,2026-09-03,2027-09-03,false
4080482,1,2,2026-09-03,2027-09-03,false
3778075,1,2,2026-09-03,2027-09-03,false
1123519,1,2,2026-09-03,2027-09-03,false
0719346,1,2,2026-09-03,2027-09-03,false
3257489,1,2,2026-09-03,2027-09-03,false
2465205,1,2,2026-09-03,2027-09-03,false
5560421,1,2,2026-09-03,2027-09-03,false
8230700,1,2,2026-09-03,2027-09-03,false
8069623,1,2,2026-09-03,2027-09-03,false
8701830,1,2,2026-09-03,2027-09-03,false
8314367,1,2,2026-09-03,2027-09-03,false
8582483,1,2,2026-09-03,2027-09-03,false
2855625,1,2,2026-09-03,2027-09-03,false
5704398,1,2,2026-09-03,2027-09-03,false
4628904,1,2,2026-09-03,2027-09-03,false
6631204,1,2,2026-09-03,2027-09-03,false
5944893,1,2,2026-09-03,2027-09-03,false
1095494,1,2,2026-09-03,2027-09-03,false
1924250,1,2,2026-09-03,2027-09-03,false
3605366,1,2,2026-09-03,2027-09-03,false
7740172,1,2,2026-09-03,2027-09-03,false
6684661,1,2,2026-09-03,2027-09-03,false
8551401,1,2,2026-09-03,2027-09-03,false
0576052,1,2,2026-09-03,2027-09-03,false
4326076,1,2,2026-09-03,2027-09-03,false
0035712,1,2,2026-09-03,2027-09-03,false
8545149,1,2,2026-09-03,2027-09-03,false
2232152,1,2,2026-09-03,2027-09-03,false
3485392,1,2,2026-09-03,2027-09-03,false
9455899,1,2,2026-09-03,2027-09-03,false
5948669,1,2,2026-09-03,2027-09-03,false
7267748,1,2,2026-09-03,2027-09-03,false
1250695,1,2,2026-09-03,2027-09-03,false
2302612,1,2,2026-09-03,2027-09-03,false
9296288,1,2,2026-09-03,2027-09-03,false
6389359,1,2,2026-09-03,2027-09-03,false
4842677,1,2,2026-09-03,2027-09-03,false
5734364,1,2,2026-09-03,2027-09-03,false
3096836,1,2,2026-09-03,2027-09-03,false
7790785,1,2,2026-09-03,2027-09-03,false
8490229,1,2,2026-09-03,2027-09-03,false
3728377,1,2,2026-09-03,2027-09-03,false
9447179,1,2,2026-09-03,2027-09-03,false
9868284,1,2,2026-09-03,2027-09-03,false
3764254,1,2,2026-09-03,2027-09-03,false
9626244,1,2,2026-09-03,2027-09-03,false
8850029,1,2,2026-09-03,2027-09-03,false
2005206,1,2,2026-09-03,2027-09-03,false
6712345,1,2,2026-09-03,2027-09-03,false
3302296,1,2,2026-09-03,2027-09-03,false
0812506,1,2,2026-09-03,2027-09-03,false
6139188,1,2,2026-09-03,2027-09-03,false
8882644,1,2,2026-09-03,2027-09-03,false
8162137,1,2,2026-09-03,2027-09-03,false
8189547,1,2,2026-09-03,2027-09-03,false
2013373,1,2,2026-09-03,2027-09-03,false
6245770,1,2,2026-09-03,2027-09-03,false
7087031,1,2,2026-09-03,2027-09-03,false
1985409,1,2,2026-09-03,2027-09-03,false
1018873,1,2,2026-09-03,2027-09-03,false
2901304,1,2,2026-09-03,2027-09-03,false
5979108,1,2,2026-09-03,2027-09-03,false
5959385,1,2,2026-09-03,2027-09-03,false
1075986,1,2,2026-09-03,2027-09-03,false
6420664,1,2,2026-09-03,2027-09-03,false
5400433,1,2,2026-09-03,2027-09-03,false
4160553,1,2,2026-09-03,2027-09-03,false
2310978,1,2,2026-09-03,2027-09-03,false
8296999,1,2,2026-09-03,2027-09-03,false
4228630,1,2,2026-09-03,2027-09-03,false
3686226,1,2,2026-09-03,2027-09-03,false
8844036,1,2,2026-09-03,2027-09-03,false
5351020,1,2,2026-09-03,2027-09-03,false
0147510,1,2,2026-09-03,2027-09-03,false
5878934,1,2,2026-09-03,2027-09-03,false
0710496,1,2,2026-09-03,2027-09-03,false
3559148,1,2,2026-09-03,2027-09-03,false
4341753,1,2,2026-09-03,2027-09-03,false
2107513,1,2,2026-09-03,2027-09-03,false
3316404,1,2,2026-09-03,2027-09-03,false
1797503,1,2,2026-09-03,2027-09-03,false
3629322,1,2,2026-09-03,2027-09-03,false
9196637,1,2,2026-09-03,2027-09-03,false
3163734,1,2,2026-09-03,2027-09-03,false
3506187,1,2,2026-09-03,2027-09-03,false
0515271,1,2,2026-09-03,2027-09-03,false
2270467,1,2,2026-09-03,2027-09-03,false
4879223,1,2,2026-09-03,2027-09-03,false
0996271,1,2,2026-09-03,2027-09-03,false
9634969,1,2,2026-09-03,2027-09-03,false
3088170,1,2,2026-09-03,2027-09-03,false
0433542,1,2,2026-09-03,2027-09-03,false
3674871,1,2,2026-09-03,2027-09-03,false
0090482,1,2,2026-09-03,2027-09-03,false
8735185,1,2,2026-09-03,2027-09-03,false
7366416,1,2,2026-09-03,2027-09-03,false
1363475,1,2,2026-09-03,2027-09-03,false
4593239,1,2,2026-09-03,2027-09-03,false
6492994,1,2,2026-09-03,2027-09-03,false
7144048,1,2,2026-09-03,2027-09-03,false
6609285,1,2,2026-09-03,2027-09-03,false
4512262,1,2,2026-09-03,2027-09-03,false
6563686,1,2,2026-09-03,2027-09-03,false
2618515,1,2,2026-09-03,2027-09-03,false
8543656,1,2,2026-09-03,2027-09-03,false
2629091,1,2,2026-09-03,2027-09-03,false
4219696,1,2,2026-09-03,2027-09-03,false
5257632,1,2,2026-09-03,2027-09-03,false
4019743,1,2,2026-09-03,2027-09-03,false
8260215,1,2,2026-09-03,2027-09-03,false
8473061,1,2,2026-09-03,2027-09-03,false
0071903,1,2,2026-09-03,2027-09-03,false
0823979,1,2,2026-09-03,2027-09-03,false
1073249,1,2,2026-09-03,2027-09-03,false
4951369,1,2,2026-09-03,2027-09-03,false
4053561,1,2,2026-09-03,2027-09-03,false
4755320,1,2,2026-09-03,2027-09-03,false
2401533,1,2,2026-09-03,2027-09-03,false
9774572,1,2,2026-09-03,2027-09-03,false
1608989,1,2,2026-09-03,2027-09-03,false
9941763,1,2,2026-09-03,2027-09-03,false
7593914,1,2,2026-09-03,2027-09-03,false
9460460,1,2,2026-09-03,2027-09-03,false
7175634,1,2,2026-09-03,2027-09-03,false
3802947,1,2,2026-09-03,2027-09-03,false
9398066,1,2,2026-09-03,2027-09-03,false
5054558,1,2,2026-09-03,2027-09-03,false
8285852,1,2,2026-09-03,2027-09-03,false
0304089,1,2,2026-09-03,2027-09-03,false
5037208,1,2,2026-09-03,2027-09-03,false
0793179,1,2,2026-09-03,2027-09-03,false
2355417,1,2,2026-09-03,2027-09-03,false
4945770,1,2,2026-09-03,2027-09-03,false
0680806,1,2,2026-09-03,2027-09-03,false
4011559,1,2,2026-09-03,2027-09-03,false
4932101,1,2,2026-09-03,2027-09-03,false
7617198,1,2,2026-09-03,2027-09-03,false
9251022,1,2,2026-09-03,2027-09-03,false
0299221,1,2,2026-09-03,2027-09-03,false
2946655,1,2,2026-09-03,2027-09-03,false
7344486,1,2,2026-09-03,2027-09-03,false
8133531,1,2,2026-09-03,2027-09-03,false
7994351,1,2,2026-09-03,2027-09-03,false
1204763,1,2,2026-09-03,2027-09-03,false
6629265,1,2,2026-09-03,2027-09-03,false
5203015,1,2,2026-09-03,2027-09-03,false
9083528,1,2,2026-09-03,2027-09-03,false
1844927,1,2,2026-09-03,2027-09-03,false
5025008,1,2,2026-09-03,2027-09-03,false
8214794,1,2,2026-09-03,2027-09-03,false
3113831,1,2,2026-09-03,2027-09-03,false
6190761,1,2,2026-09-03,2027-09-03,false
4521769,1,2,2026-09-03,2027-09-03,false
1249129,1,2,2026-09-03,2027-09-03,false
4930171,1,2,2026-09-03,2027-09-03,false
1239529,1,2,2026-09-03,2027-09-03,false
8179017,1,2,2026-09-03,2027-09-03,false
5531748,1,2,2026-09-03,2027-09-03,false
4437233,1,2,2026-09-03,2027-09-03,false
4178718,1,2,2026-09-03,2027-09-03,false
4266246,1,2,2026-09-03,2027-09-03,false
9627546,1,2,2026-09-03,2027-09-03,false
6743184,1,2,2026-09-03,2027-09-03,false
3401612,1,2,2026-09-03,2027-09-03,false
4975453,1,2,2026-09-03,2027-09-03,false
8306868,1,2,2026-09-03,2027-09-03,false
8942068,1,2,2026-09-03,2027-09-03,false
6659714,1,2,2026-09-03,2027-09-03,false
5678684,1,2,2026-09-03,2027-09-03,false
8035482,1,2,2026-09-03,2027-09-03,false
9149514,1,2,2026-09-03,2027-09-03,false
5794379,1,2,2026-09-03,2027-09-03,false
1048722,1,2,2026-09-03,2027-09-03,false
4901264,1,2,2026-09-03,2027-09-03,false
2290018,1,2,2026-09-03,2027-09-03,false
8068293,1,2,2026-09-03,2027-09-03,false
1052175,1,2,2026-09-03,2027-09-03,false
4181436,1,2,2026-09-03,2027-09-03,false
4908913,1,2,2026-09-03,2027-09-03,false
9491670,1,2,2026-09-03,2027-09-03,false
4821900,1,2,2026-09-03,2027-09-03,false
3007307,1,2,2026-09-03,2027-09-03,false
3115520,1,2,2026-09-03,2027-09-03,false
0810234,1,2,2026-09-03,2027-09-03,false
5732879,1,2,2026-09-03,2027-09-03,false
3238496,1,2,2026-09-03,2027-09-03,false
5383698,1,2,2026-09-03,2027-09-03,false
9336324,1,2,2026-09-03,2027-09-03,false
3963238,1,2,2026-09-03,2027-09-03,false
1895917,1,2,2026-09-03,2027-09-03,false
6478063,1,2,2026-09-03,2027-09-03,false
2017998,1,2,2026-09-03,2027-09-03,false
6112000,1,2,2026-09-03,2027-09-03,false
7292759,1,2,2026-09-03,2027-09-03,false
0670235,1,2,2026-09-03,2027-09-03,false
2879955,1,2,2026-09-03,2027-09-03,false
9930065,1,2,2026-09-03,2027-09-03,false
3147537,1,2,2026-09-03,2027-09-03,false
9318172,1,2,2026-09-03,2027-09-03,false
2019038,1,2,2026-09-03,2027-09-03,false
8361986,1,2,2026-09-03,2027-09-03,false
1771354,1,2,2026-09-03,2027-09-03,false
8375627,1,2,2026-09-03,2027-09-03,false
2651793,1,2,2026-09-03,2027-09-03,false
2149327,1,2,2026-09-03,2027-09-03,false
9055772,1,2,2026-09-03,2027-09-03,false
5000647,1,2,2026-09-03,2027-09-03,false
8020548,1,2,2026-09-03,2027-09-03,false
4755185,1,2,2026-09-03,2027-09-03,false
3048146,1,2,2026-09-03,2027-09-03,false
7384109,1,2,2026-09-03,2027-09-03,false
3769583,1,2,2026-09-03,2027-09-03,false
5885788,1,2,2026-09-03,2027-09-03,false
6212558,1,2,2026-09-03,2027-09-03,false
4987882,1,2,2026-09-03,2027-09-03,false
5310820,1,2,2026-09-03,2027-09-03,false
5425463,1,2,2026-09-03,2027-09-03,false
0085866,1,2,2026-09-03,2027-09-03,false
7766157,1,2,2026-09-03,2027-09-03,false
3725940,1,2,2026-09-03,2027-09-03,false
3526717,1,2,2026-09-03,2027-09-03,false
2034825,1,2,2026-09-03,2027-09-03,false
2502977,1,2,2026-09-03,2027-09-03,false
0538931,1,2,2026-09-03,2027-09-03,false
2125946,1,2,2026-09-03,2027-09-03,false
3316598,1,2,2026-09-03,2027-09-03,false
7337513,1,2,2026-09-03,2027-09-03,false
6963187,1,2,2026-09-03,2027-09-03,false
7306765,1,2,2026-09-03,2027-09-03,false
9483222,1,2,2026-09-03,2027-09-03,false
3396225,1,2,2026-09-03,2027-09-03,false
9352148,1,2,2026-09-03,2027-09-03,false
0833709,1,2,2026-09-03,2027-09-03,false
1880630,1,2,2026-09-03,2027-09-03,false
9065464,1,2,2026-09-03,2027-09-03,false
5222169,1,2,2026-09-03,2027-09-03,false
4549859,1,2,2026-09-03,2027-09-03,false
9841071,1,2,2026-09-03,2027-09-03,false
5340605,1,2,2026-09-03,2027-09-03,false
9073228,1,2,2026-09-03,2027-09-03,false
8302028,1,2,2026-09-03,2027-09-03,false
2381442,1,2,2026-09-03,2027-09-03,false
1088662,1,2,2026-09-03,2027-09-03,false
3559361,1,2,2026-09-03,2027-09-03,false
6577409,1,2,2026-09-03,2027-09-03,false
5219152,1,2,2026-09-03,2027-09-03,false
5271956,1,2,2026-09-03,2027-09-03,false
3866034,1,2,2026-09-03,2027-09-03,false
0640384,1,2,2026-09-03,2027-09-03,false
4417213,1,2,2026-09-03,2027-09-03,false
3301408,1,2,2026-09-03,2027-09-03,false
3505430,1,2,2026-09-03,2027-09-03,false
8310972,1,2,2026-09-03,2027-09-03,false
9751048,1,2,2026-09-03,2027-09-03,false
2026307,1,2,2026-09-03,2027-09-03,false
0507663,1,2,2026-09-03,2027-09-03,false
7070740,1,2,2026-09-03,2027-09-03,false
8694070,1,2,2026-09-03,2027-09-03,false
7469666,1,2,2026-09-03,2027-09-03,false
8076385,1,2,2026-09-03,2027-09-03,false
5340069,1,2,2026-09-03,2027-09-03,false
6624559,1,2,2026-09-03,2027-09-03,false
0053316,1,2,2026-09-03,2027-09-03,false
0026174,1,2,2026-09-03,2027-09-03,false
7075017,1,2,2026-09-03,2027-09-03,false
6845884,1,2,2026-09-03,2027-09-03,false
6284097,1,2,2026-09-03,2027-09-03,false
1518274,1,2,2026-09-03,2027-09-03,false
2786861,1,2,2026-09-03,2027-09-03,false
6867904,1,2,2026-09-03,2027-09-03,false
7064613,1,2,2026-09-03,2027-09-03,false
4084911,1,2,2026-09-03,2027-09-03,false
6064127,1,2,2026-09-03,2027-09-03,false
4747805,1,2,2026-09-03,2027-09-03,false
3365523,1,2,2026-09-03,2027-09-03,false
8537635,1,2,2026-09-03,2027-09-03,false
2747125,1,2,2026-09-03,2027-09-03,false
4610714,1,2,2026-09-03,2027-09-03,false
6225896,1,2,2026-09-03,2027-09-03,false
7248324,1,2,2026-09-03,2027-09-03,false
2832354,1,2,2026-09-03,2027-09-03,false
8526747,1,2,2026-09-03,2027-09-03,false
2246191,1,2,2026-09-03,2027-09-03,false
8146421,1,2,2026-09-03,2027-09-03,false
3615849,1,2,2026-09-03,2027-09-03,false
5071021,1,2,2026-09-03,2027-09-03,false
7046184,1,2,2026-09-03,2027-09-03,false
5713603,1,2,2026-09-03,2027-09-03,false
0398529,1,2,2026-09-03,2027-09-03,false
2195233,1,2,2026-09-03,2027-09-03,false
7298298,1,2,2026-09-03,2027-09-03,false
0909952,1,2,2026-09-03,2027-09-03,false
3445854,1,2,2026-09-03,2027-09-03,false
1155212,1,2,2026-09-03,2027-09-03,false
3335204,1,2,2026-09-03,2027-09-03,false
3615191,1,2,2026-09-03,2027-09-03,false
1137038,1,2,2026-09-03,2027-09-03,false
6149713,1,2,2026-09-03,2027-09-03,false
4947546,1,2,2026-09-03,2027-09-03,false
2883275,1,2,2026-09-03,2027-09-03,false
4384951,1,2,2026-09-03,2027-09-03,false
3272974,1,2,2026-09-03,2027-09-03,false
3701094,1,2,2026-09-03,2027-09-03,false
8993693,1,2,2026-09-03,2027-09-03,false
4773685,1,2,2026-09-03,2027-09-03,false
7358461,1,2,2026-09-03,2027-09-03,false
9286674,1,2,2026-09-03,2027-09-03,false
2250229,1,2,2026-09-03,2027-09-03,false
1879757,1,2,2026-09-03,2027-09-03,false
2654142,1,2,2026-09-03,2027-09-03,false
8693680,1,2,2026-09-03,2027-09-03,false
9285190,1,2,2026-09-03,2027-09-03,false
0938276,1,2,2026-09-03,2027-09-03,false
2013621,1,2,2026-09-03,2027-09-03,false
8010894,1,2,2026-09-03,2027-09-03,false
0943932,1,2,2026-09-03,2027-09-03,false
1831854,1,2,2026-09-03,2027-09-03,false
9936991,1,2,2026-09-03,2027-09-03,false
4154215,1,2,2026-09-03,2027-09-03,false
0060733,1,2,2026-09-03,2027-09-03,false
8233231,1,2,2026-09-03,2027-09-03,false
7757639,1,2,2026-09-03,2027-09-03,false
1981264,1,2,2026-09-03,2027-09-03,false
8224105,1,2,2026-09-03,2027-09-03,false
0651179,1,2,2026-09-03,2027-09-03,false
5316512,1,2,2026-09-03,2027-09-03,false
6678694,1,2,2026-09-03,2027-09-03,false
2972996,1,2,2026-09-03,2027-09-03,false
7594078,1,2,2026-09-03,2027-09-03,false
5041687,1,2,2026-09-03,2027-09-03,false
0826936,1,2,2026-09-03,2027-09-03,false
0767883,1,2,2026-09-03,2027-09-03,false
6545043,1,2,2026-09-03,2027-09-03,false
6770075,1,2,2026-09-03,2027-09-03,false
4185004,1,2,2026-09-03,2027-09-03,false
5961164,1,2,2026-09-03,2027-09-03,false
5178524,1,2,2026-09-03,2027-09-03,false
5428545,1,2,2026-09-03,2027-09-03,false
5581680,1,2,2026-09-03,2027-09-03,false
3351260,1,2,2026-09-03,2027-09-03,false
7042544,1,2,2026-09-03,2027-09-03,false
4431188,1,2,2026-09-03,2027-09-03,false
6085973,1,2,2026-09-03,2027-09-03,false
4775660,1,2,2026-09-03,2027-09-03,false
7191826,1,2,2026-09-03,2027-09-03,false
4945736,1,2,2026-09-03,2027-09-03,false
1487530,1,2,2026-09-03,2027-09-03,false
8197828,1,2,2026-09-03,2027-09-03,false
6936006,1,2,2026-09-03,2027-09-03,false
3350511,1,2,2026-09-03,2027-09-03,false
2918913,1,2,2026-09-03,2027-09-03,false
1242056,1,2,2026-09-03,2027-09-03,false
0534566,1,2,2026-09-03,2027-09-03,false
4217013,1,2,2026-09-03,2027-09-03,false
7173059,1,2,2026-09-03,2027-09-03,false
6138441,1,2,2026-09-03,2027-09-03,false
7097838,1,2,2026-09-03,2027-09-03,false
9383228,1,2,2026-09-03,2027-09-03,false
5481295,1,2,2026-09-03,2027-09-03,false
5293275,1,2,2026-09-03,2027-09-03,false
3044292,1,2,2026-09-03,2027-09-03,false
1765192,1,2,2026-09-03,2027-09-03,false
7570499,1,2,2026-09-03,2027-09-03,false
0491476,1,2,2026-09-03,2027-09-03,false
4110447,1,2,2026-09-03,2027-09-03,false
3893737,1,2,2026-09-03,2027-09-03,false
3284080,1,2,2026-09-03,2027-09-03,false
6898420,1,2,2026-09-03,2027-09-03,false
5636932,1,2,2026-09-03,2027-09-03,false
8952403,1,2,2026-09-03,2027-09-03,false
1458807,1,2,2026-09-03,2027-09-03,false
2401738,1,2,2026-09-03,2027-09-03,false
9088032,1,2,2026-09-03,2027-09-03,false
1549109,1,2,2026-09-03,2027-09-03,false
6313533,1,2,2026-09-03,2027-09-03,false
3242363,1,2,2026-09-03,2027-09-03,false
7490396,1,2,2026-09-03,2027-09-03,false
4640656,1,2,2026-09-03,2027-09-03,false
5484427,1,2,2026-09-03,2027-09-03,false
9779246,1,2,2026-09-03,2027-09-03,false
4639499,1,2,2026-09-03,2027-09-03,false
2113195,1,2,2026-09-03,2027-09-03,false
6589801,1,2,2026-09-03,2027-09-03,false
3627392,1,2,2026-09-03,2027-09-03,false
9467350,1,2,2026-09-03,2027-09-03,false
3066113,1,2,2026-09-03,2027-09-03,false
5040339,1,2,2026-09-03,2027-09-03,false
9381587,1,2,2026-09-03,2027-09-03,false
2343724,1,2,2026-09-03,2027-09-03,false
4958256,1,2,2026-09-03,2027-09-03,false
2527660,1,2,2026-09-03,2027-09-03,false
8690976,1,2,2026-09-03,2027-09-03,false
4218777,1,2,2026-09-03,2027-09-03,false
8643986,1,2,2026-09-03,2027-09-03,false
3797537,1,2,2026-09-03,2027-09-03,false
1847877,1,2,2026-09-03,2027-09-03,false
0029725,1,2,2026-09-03,2027-09-03,false
7309681,1,2,2026-09-03,2027-09-03,false
9727355,1,2,2026-09-03,2027-09-03,false
7709109,1,2,2026-09-03,2027-09-03,false
4422635,1,2,2026-09-03,2027-09-03,false
1616987,1,2,2026-09-03,2027-09-03,false
1197232,1,2,2026-09-03,2027-09-03,false
7927564,1,2,2026-09-03,2027-09-03,false
1796725,1,2,2026-09-03,2027-09-03,false
7721678,1,2,2026-09-03,2027-09-03,false
9050743,1,2,2026-09-03,2027-09-03,false
2752822,1,2,2026-09-03,2027-09-03,false
8598898,1,2,2026-09-03,2027-09-03,false
4805605,1,2,2026-09-03,2027-09-03,false
2364297,1,2,2026-09-03,2027-09-03,false
9422381,1,2,2026-09-03,2027-09-03,false
7936392,1,2,2026-09-03,2027-09-03,false
4689543,1,2,2026-09-03,2027-09-03,false
2151549,1,2,2026-09-03,2027-09-03,false
5153492,1,2,2026-09-03,2027-09-03,false
7399245,1,2,2026-09-03,2027-09-03,false
9995061,1,2,2026-09-03,2027-09-03,false
9454689,1,2,2026-09-03,2027-09-03,false
2318370,1,2,2026-09-03,2027-09-03,false
6162028,1,2,2026-09-03,2027-09-03,false
3590421,1,2,2026-09-03,2027-09-03,false
9226390,1,2,2026-09-03,2027-09-03,false
3279973,1,2,2026-09-03,2027-09-03,false
1560806,1,2,2026-09-03,2027-09-03,false
0304539,1,2,2026-09-03,2027-09-03,false
1393660,1,2,2026-09-03,2027-09-03,false
5370841,1,2,2026-09-03,2027-09-03,false
4399120,1,2,2026-09-03,2027-09-03,false
5840708,1,2,2026-09-03,2027-09-03,false
7955114,1,2,2026-09-03,2027-09-03,false
9362024,1,2,2026-09-03,2027-09-03,false
0027524,1,2,2026-09-03,2027-09-03,false
8424730,1,2,2026-09-03,2027-09-03,false
8854544,1,2,2026-09-03,2027-09-03,false
9864804,1,2,2026-09-03,2027-09-03,false
2101107,1,2,2026-09-03,2027-09-03,false
9631107,1,2,2026-09-03,2027-09-03,false
8248736,1,2,2026-09-03,2027-09-03,false
8571225,1,2,2026-09-03,2027-09-03,false
2172942,1,2,2026-09-03,2027-09-03,false
8355286,1,2,2026-09-03,2027-09-03,false
6045442,1,2,2026-09-03,2027-09-03,false
6648776,1,2,2026-09-03,2027-09-03,false
7526855,1,2,2026-09-03,2027-09-03,false
0764414,1,2,2026-09-03,2027-09-03,false
8320692,1,2,2026-09-03,2027-09-03,false
3159214,1,2,2026-09-03,2027-09-03,false
1484746,1,2,2026-09-03,2027-09-03,false
2914045,1,2,2026-09-03,2027-09-03,false
8192943,1,2,2026-09-03,2027-09-03,false
3955477,1,2,2026-09-03,2027-09-03,false
8272778,1,2,2026-09-03,2027-09-03,false
9382482,1,2,2026-09-03,2027-09-03,false
4686447,1,2,2026-09-03,2027-09-03,false
5866880,1,2,2026-09-03,2027-09-03,false
6221703,1,2,2026-09-03,2027-09-03,false
9663227,1,2,2026-09-03,2027-09-03,false
0358158,1,2,2026-09-03,2027-09-03,false
8325893,1,2,2026-09-03,2027-09-03,false
7220550,1,2,2026-09-03,2027-09-03,false
4857347,1,2,2026-09-03,2027-09-03,false
3515464,1,2,2026-09-03,2027-09-03,false
6592348,1,2,2026-09-03,2027-09-03,false
0967174,1,2,2026-09-03,2027-09-03,false
8804017,1,2,2026-09-03,2027-09-03,false
8923217,1,2,2026-09-03,2027-09-03,false
4280055,1,2,2026-09-03,2027-09-03,false
3017024,1,2,2026-09-03,2027-09-03,false
1569427,1,2,2026-09-03,2027-09-03,false
1061510,1,2,2026-09-03,2027-09-03,false
5905240,1,2,2026-09-03,2027-09-03,false
2865063,1,2,2026-09-03,2027-09-03,false
4719723,1,2,2026-09-03,2027-09-03,false
5552820,1,2,2026-09-03,2027-09-03,false
0046746,1,2,2026-09-03,2027-09-03,false
7125499,1,2,2026-09-03,2027-09-03,false
8059477,1,2,2026-09-03,2027-09-03,false
5676769,1,2,2026-09-03,2027-09-03,false
8147684,1,2,2026-09-03,2027-09-03,false
8747247,1,2,2026-09-03,2027-09-03,false
8772035,1,2,2026-09-03,2027-09-03,false
7769367,1,2,2026-09-03,2027-09-03,false
4344439,1,2,2026-09-03,2027-09-03,false
0842005,1,2,2026-09-03,2027-09-03,false
9783979,1,2,2026-09-03,2027-09-03,false
9429812,1,2,2026-09-03,2027-09-03,false
3551405,1,2,2026-09-03,2027-09-03,false
8273477,1,2,2026-09-03,2027-09-03,false
3419886,1,2,2026-09-03,2027-09-03,false
8378455,1,2,2026-09-03,2027-09-03,false
0793011,1,2,2026-09-03,2027-09-03,false
7935709,1,2,2026-09-03,2027-09-03,false
3793894,1,2,2026-09-03,2027-09-03,false
9288167,1,2,2026-09-03,2027-09-03,false
3876097,1,2,2026-09-03,2027-09-03,false
0424274,1,2,2026-09-03,2027-09-03,false
5677760,1,2,2026-09-03,2027-09-03,false
8415997,1,2,2026-09-03,2027-09-03,false
2976506,1,2,2026-09-03,2027-09-03,false
0543558,1,2,2026-09-03,2027-09-03,false
1366071,1,2,2026-09-03,2027-09-03,false
5155066,1,2,2026-09-03,2027-09-03,false
8598000,1,2,2026-09-03,2027-09-03,false
1112241,1,2,2026-09-03,2027-09-03,false
0401047,1,2,2026-09-03,2027-09-03,false
0733534,1,2,2026-09-03,2027-09-03,false
8673634,1,2,2026-09-03,2027-09-03,false
1136677,1,2,2026-09-03,2027-09-03,false
1443069,1,2,2026-09-03,2027-09-03,false
4649517,1,2,2026-09-03,2027-09-03,false
8236408,1,2,2026-09-03,2027-09-03,false
9829105,1,2,2026-09-03,2027-09-03,false
7310191,1,2,2026-09-03,2027-09-03,false
8077156,1,2,2026-09-03,2027-09-03,false
1124569,1,2,2026-09-03,2027-09-03,false
2280884,1,2,2026-09-03,2027-09-03,false
2149033,1,2,2026-09-03,2027-09-03,false
8886194,1,2,2026-09-03,2027-09-03,false
5693518,1,2,2026-09-03,2027-09-03,false
6785089,1,2,2026-09-03,2027-09-03,false
9705632,1,2,2026-09-03,2027-09-03,false
1763470,1,2,2026-09-03,2027-09-03,false
4362117,1,2,2026-09-03,2027-09-03,false
8726350,1,2,2026-09-03,2027-09-03,false
4114501,1,2,2026-09-03,2027-09-03,false
8586898,1,2,2026-09-03,2027-09-03,false
1098364,1,2,2026-09-03,2027-09-03,false
5919682,1,2,2026-09-03,2027-09-03,false
1476003,1,2,2026-09-03,2027-09-03,false
0996107,1,2,2026-09-03,2027-09-03,false
6595302,1,2,2026-09-03,2027-09-03,false
7414793,1,2,2026-09-03,2027-09-03,false
2676287,1,2,2026-09-03,2027-09-03,false
3065257,1,2,2026-09-03,2027-09-03,false
1855282,1,2,2026-09-03,2027-09-03,false
7295917,1,2,2026-09-03,2027-09-03,false
5168382,1,2,2026-09-03,2027-09-03,false
5189500,1,2,2026-09-03,2027-09-03,false
4298669,1,2,2026-09-03,2027-09-03,false
7589465,1,2,2026-09-03,2027-09-03,false
5902076,1,2,2026-09-03,2027-09-03,false
8435395,1,2,2026-09-03,2027-09-03,false
3811214,1,2,2026-09-03,2027-09-03,false
5595182,1,2,2026-09-03,2027-09-03,false
5470625,1,2,2026-09-03,2027-09-03,false
7219982,1,2,2026-09-03,2027-09-03,false
1929325,1,2,2026-09-03,2027-09-03,false
7960153,1,2,2026-09-03,2027-09-03,false
9621504,1,2,2026-09-03,2027-09-03,false
7736503,1,2,2026-09-03,2027-09-03,false
3304386,1,2,2026-09-03,2027-09-03,false
5345923,1,2,2026-09-03,2027-09-03,false
6279351,1,2,2026-09-03,2027-09-03,false
5049667,1,2,2026-09-03,2027-09-03,false
7513818,1,2,2026-09-03,2027-09-03,false
2386124,1,2,2026-09-03,2027-09-03,false
2224921,1,2,2026-09-03,2027-09-03,false
7173472,1,2,2026-09-03,2027-09-03,false
8558552,1,2,2026-09-03,2027-09-03,false
5880064,1,2,2026-09-03,2027-09-03,false
2740833,1,2,2026-09-03,2027-09-03,false
2223951,1,2,2026-09-03,2027-09-03,false
7367798,1,2,2026-09-03,2027-09-03,false
9362225,1,2,2026-09-03,2027-09-03,false
8355407,1,2,2026-09-03,2027-09-03,false
3098586,1,2,2026-09-03,2027-09-03,false
9796632,1,2,2026-09-03,2027-09-03,false
4821717,1,2,2026-09-03,2027-09-03,false
5209040,1,2,2026-09-03,2027-09-03,false
4305792,1,2,2026-09-03,2027-09-03,false
8160405,1,2,2026-09-03,2027-09-03,false
3531310,1,2,2026-09-03,2027-09-03,false
2116254,1,2,2026-09-03,2027-09-03,false
1567901,1,2,2026-09-03,2027-09-03,false
1671587,1,2,2026-09-03,2027-09-03,false
6545260,1,2,2026-09-03,2027-09-03,false
2795385,1,2,2026-09-03,2027-09-03,false
0337846,1,2,2026-09-03,2027-09-03,false
5081014,1,2,2026-09-03,2027-09-03,false
0726863,1,2,2026-09-03,2027-09-03,false
1610504,1,2,2026-09-03,2027-09-03,false
1005258,1,2,2026-09-03,2027-09-03,false
9970596,1,2,2026-09-03,2027-09-03,false
0208593,1,2,2026-09-03,2027-09-03,false
8028481,1,2,2026-09-03,2027-09-03,false
6746998,1,2,2026-09-03,2027-09-03,false
9023859,1,2,2026-09-03,2027-09-03,false
5950481,1,2,2026-09-03,2027-09-03,false
3885431,1,2,2026-09-03,2027-09-03,false
5047574,1,2,2026-09-03,2027-09-03,false
3464431,1,2,2026-09-03,2027-09-03,false
2245082,1,2,2026-09-03,2027-09-03,false
5189498,1,2,2026-09-03,2027-09-03,false
4117925,1,2,2026-09-03,2027-09-03,false
1188867,1,2,2026-09-03,2027-09-03,false
6625174,1,2,2026-09-03,2027-09-03,false
9294568,1,2,2026-09-03,2027-09-03,false
6032838,1,2,2026-09-03,2027-09-03,false
7407710,1,2,2026-09-03,2027-09-03,false
4838483,1,2,2026-09-03,2027-09-03,false
5414642,1,2,2026-09-03,2027-09-03,false
6173478,1,2,2026-09-03,2027-09-03,false
2774321,1,2,2026-09-03,2027-09-03,false
0681213,1,2,2026-09-03,2027-09-03,false
1493678,1,2,2026-09-03,2027-09-03,false
0609388,1,2,2026-09-03,2027-09-03,false
4989113,1,2,2026-09-03,2027-09-03,false
3819358,1,2,2026-09-03,2027-09-03,false
6204279,1,2,2026-09-03,2027-09-03,false
1901941,1,2,2026-09-03,2027-09-03,false
7097982,1,2,2026-09-03,2027-09-03,false
9404241,1,2,2026-09-03,2027-09-03,false
6978601,1,2,2026-09-03,2027-09-03,false
1635998,1,2,2026-09-03,2027-09-03,false
7949924,1,2,2026-09-03,2027-09-03,false
0259691,1,2,2026-09-03,2027-09-03,false
0775342,1,2,2026-09-03,2027-09-03,false
3184975,1,2,2026-09-03,2027-09-03,false
8251189,1,2,2026-09-03,2027-09-03,false
6596068,1,2,2026-09-03,2027-09-03,false
4375002,1,2,2026-09-03,2027-09-03,false
9472937,1,2,2026-09-03,2027-09-03,false
0066654,1,2,2026-09-03,2027-09-03,false
1619403,1,2,2026-09-03,2027-09-03,false
8516930,1,2,2026-09-03,2027-09-03,false
2694481,1,2,2026-09-03,2027-09-03,false
8171926,1,2,2026-09-03,2027-09-03,false
0927097,1,2,2026-09-03,2027-09-03,false
2981119,1,2,2026-09-03,2027-09-03,false
5298920,1,2,2026-09-03,2027-09-03,false
9215328,1,2,2026-09-03,2027-09-03,false
6455288,1,2,2026-09-03,2027-09-03,false
3621805,1,2,2026-09-03,2027-09-03,false
7181558,1,2,2026-09-03,2027-09-03,false
4299559,1,2,2026-09-03,2027-09-03,false
8963861,1,2,2026-09-03,2027-09-03,false
0544664,1,2,2026-09-03,2027-09-03,false
2113102,1,2,2026-09-03,2027-09-03,false
0371549,1,2,2026-09-03,2027-09-03,false
9926342,1,2,2026-09-03,2027-09-03,false
6617889,1,2,2026-09-03,2027-09-03,false
7123555,1,2,2026-09-03,2027-09-03,false
4794212,1,2,2026-09-03,2027-09-03,false
5904251,1,2,2026-09-03,2027-09-03,false
9841805,1,2,2026-09-03,2027-09-03,false
9749682,1,2,2026-09-03,2027-09-03,false
9709887,1,2,2026-09-03,2027-09-03,false
2791215,1,2,2026-09-03,2027-09-03,false
9408647,1,2,2026-09-03,2027-09-03,false
0522556,1,2,2026-09-03,2027-09-03,false
7948995,1,2,2026-09-03,2027-09-03,false
7775262,1,2,2026-09-03,2027-09-03,false
2145588,1,2,2026-09-03,2027-09-03,false
9045548,1,2,2026-09-03,2027-09-03,false
9049621,1,2,2026-09-03,2027-09-03,false
4160055,1,2,2026-09-03,2027-09-03,false
4450798,1,2,2026-09-03,2027-09-03,false
1817713,1,2,2026-09-03,2027-09-03,false
9756302,1,2,2026-09-03,2027-09-03,false
9862144,1,2,2026-09-03,2027-09-03,false
8468288,1,2,2026-09-03,2027-09-03,false
9122807,1,2,2026-09-03,2027-09-03,false
2410451,1,2,2026-09-03,2027-09-03,false
9816940,1,2,2026-09-03,2027-09-03,false
0787311,1,2,2026-09-03,2027-09-03,false
3372227,1,2,2026-09-03,2027-09-03,false
0083262,1,2,2026-09-03,2027-09-03,false
4819146,1,2,2026-09-03,2027-09-03,false
1215277,1,2,2026-09-03,2027-09-03,false
3118963,1,2,2026-09-03,2027-09-03,false
0118688,1,2,2026-09-03,2027-09-03,false
1961512,1,2,2026-09-03,2027-09-03,false
4711971,1,2,2026-09-03,2027-09-03,false
2223192,1,2,2026-09-03,2027-09-03,false
8468048,1,2,2026-09-03,2027-09-03,false
6650138,1,2,2026-09-03,2027-09-03,false
0651416,1,2,2026-09-03,2027-09-03,false
6713129,1,2,2026-09-03,2027-09-03,false
4859030,1,2,2026-09-03,2027-09-03,false
4841320,1,2,2026-09-03,2027-09-03,false
7696646,1,2,2026-09-03,2027-09-03,false
4374628,1,2,2026-09-03,2027-09-03,false
9014310,1,2,2026-09-03,2027-09-03,false
6410390,1,2,2026-09-03,2027-09-03,false
4943189,1,2,2026-09-03,2027-09-03,false
7610819,1,2,2026-09-03,2027-09-03,false
9747162,1,2,2026-09-03,2027-09-03,false
8743264,1,2,2026-09-03,2027-09-03,false
7915699,1,2,2026-09-03,2027-09-03,false
4940347,1,2,2026-09-03,2027-09-03,false
8844150,1,2,2026-09-03,2027-09-03,false
9599733,1,2,2026-09-03,2027-09-03,false
2297033,1,2,2026-09-03,2027-09-03,false
8512635,1,2,2026-09-03,2027-09-03,false
8265883,1,2,2026-09-03,2027-09-03,false
9532177,1,2,2026-09-03,2027-09-03,false
8800916,1,2,2026-09-03,2027-09-03,false
5059023,1,2,2026-09-03,2027-09-03,false
3778392,1,2,2026-09-03,2027-09-03,false
5379625,1,2,2026-09-03,2027-09-03,false
0272480,1,2,2026-09-03,2027-09-03,false
6026413,1,2,2026-09-03,2027-09-03,false
7486654,1,2,2026-09-03,2027-09-03,false
6488600,1,2,2026-09-03,2027-09-03,false
3983364,1,2,2026-09-03,2027-09-03,false
9851139,1,2,2026-09-03,2027-09-03,false
3983453,1,2,2026-09-03,2027-09-03,false
3782399,1,2,2026-09-03,2027-09-03,false
4176405,1,2,2026-09-03,2027-09-03,false
2783376,1,2,2026-09-03,2027-09-03,false
4503371,1,2,2026-09-03,2027-09-03,false
3157289,1,2,2026-09-03,2027-09-03,false
7050007,1,2,2026-09-03,2027-09-03,false
3775097,1,2,2026-09-03,2027-09-03,false
2556531,1,2,2026-09-03,2027-09-03,false
5107264,1,2,2026-09-03,2027-09-03,false
0957035,1,2,2026-09-03,2027-09-03,false
4649743,1,2,2026-09-03,2027-09-03,false
7576759,1,2,2026-09-03,2027-09-03,false
3254689,1,2,2026-09-03,2027-09-03,false
9490717,1,2,2026-09-03,2027-09-03,false
7446504,1,2,2026-09-03,2027-09-03,false
3920411,1,2,2026-09-03,2027-09-03,false
6021715,1,2,2026-09-03,2027-09-03,false
7323637,1,2,2026-09-03,2027-09-03,false
9787587,1,2,2026-09-03,2027-09-03,false
5375939,1,2,2026-09-03,2027-09-03,false
2053771,1,2,2026-09-03,2027-09-03,false
8590549,1,2,2026-09-03,2027-09-03,false
7316650,1,2,2026-09-03,2027-09-03,false
3658756,1,2,2026-09-03,2027-09-03,false
6697991,1,2,2026-09-03,2027-09-03,false
3822889,1,2,2026-09-03,2027-09-03,false
0321600,1,2,2026-09-03,2027-09-03,false
0647571,1,2,2026-09-03,2027-09-03,false
8419833,1,2,2026-09-03,2027-09-03,false
7223128,1,2,2026-09-03,2027-09-03,false
6843714,1,2,2026-09-03,2027-09-03,false
2681440,1,2,2026-09-03,2027-09-03,false
8167543,1,2,2026-09-03,2027-09-03,false
9681399,1,2,2026-09-03,2027-09-03,false
4005432,1,2,2026-09-03,2027-09-03,false
4603871,1,2,2026-09-03,2027-09-03,false
8129538,1,2,2026-09-03,2027-09-03,false
5596767,1,2,2026-09-03,2027-09-03,false
3596421,1,2,2026-09-03,2027-09-03,false
8282074,1,2,2026-09-03,2027-09-03,false
4224594,1,2,2026-09-03,2027-09-03,false
5956261,1,2,2026-09-03,2027-09-03,false
6919505,1,2,2026-09-03,2027-09-03,false
2562294,1,2,2026-09-03,2027-09-03,false
7149140,1,2,2026-09-03,2027-09-03,false
8242196,1,2,2026-09-03,2027-09-03,false
8700966,1,2,2026-09-03,2027-09-03,false
7798644,1,2,2026-09-03,2027-09-03,false
1144181,1,2,2026-09-03,2027-09-03,false
6538217,1,2,2026-09-03,2027-09-03,false
3726116,1,2,2026-09-03,2027-09-03,false
2040179,1,2,2026-09-03,2027-09-03,false
7254949,1,2,2026-09-03,2027-09-03,false
3787500,1,2,2026-09-03,2027-09-03,false
7474468,1,2,2026-09-03,2027-09-03,false
8484273,1,2,2026-09-03,2027-09-03,false
0833444,1,2,2026-09-03,2027-09-03,false
9721063,1,2,2026-09-03,2027-09-03,false
0303557,1,2,2026-09-03,2027-09-03,false
3602789,1,2,2026-09-03,2027-09-03,false
6685253,1,2,2026-09-03,2027-09-03,false
8410187,1,2,2026-09-03,2027-09-03,false
1465001,1,2,2026-09-03,2027-09-03,false
9227030,1,2,2026-09-03,2027-09-03,false
2593260,1,2,2026-09-03,2027-09-03,false
8507550,1,2,2026-09-03,2027-09-03,false
9133201,1,2,2026-09-03,2027-09-03,false
5403312,1,2,2026-09-03,2027-09-03,false
0150097,1,2,2026-09-03,2027-09-03,false
3857425,1,2,2026-09-03,2027-09-03,false
9235384,1,2,2026-09-03,2027-09-03,false
7674767,1,2,2026-09-03,2027-09-03,false
7118522,1,2,2026-09-03,2027-09-03,false
8020659,1,2,2026-09-03,2027-09-03,false
1185324,1,2,2026-09-03,2027-09-03,false
4446051,1,2,2026-09-03,2027-09-03,false
9527371,1,2,2026-09-03,2027-09-03,false
1674228,1,2,2026-09-03,2027-09-03,false
9318798,1,2,2026-09-03,2027-09-03,false
7473059,1,2,2026-09-03,2027-09-03,false
6473341,1,2,2026-09-03,2027-09-03,false
0462300,1,2,2026-09-03,2027-09-03,false
8835489,1,2,2026-09-03,2027-09-03,false
6724326,1,2,2026-09-03,2027-09-03,false
4551559,1,2,2026-09-03,2027-09-03,false
7277497,1,2,2026-09-03,2027-09-03,false
6607981,1,2,2026-09-03,2027-09-03,false
4334138,1,2,2026-09-03,2027-09-03,false
7637815,1,2,2026-09-03,2027-09-03,false
6403620,1,2,2026-09-03,2027-09-03,false
4426622,1,2,2026-09-03,2027-09-03,false
2947796,1,2,2026-09-03,2027-09-03,false
7973414,1,2,2026-09-03,2027-09-03,false
7259626,1,2,2026-09-03,2027-09-03,false
5211500,1,2,2026-09-03,2027-09-03,false
1112120,1,2,2026-09-03,2027-09-03,false
6117358,1,2,2026-09-03,2027-09-03,false
1060290,1,2,2026-09-03,2027-09-03,false
2755040,1,2,2026-09-03,2027-09-03,false
3211356,1,2,2026-09-03,2027-09-03,false
6526316,1,2,2026-09-03,2027-09-03,false
1054787,1,2,2026-09-03,2027-09-03,false
7942112,1,2,2026-09-03,2027-09-03,false
0968253,1,2,2026-09-03,2027-09-03,false
5712841,1,2,2026-09-03,2027-09-03,false
0779595,1,2,2026-09-03,2027-09-03,false
7761603,1,2,2026-09-03,2027-09-03,false
3240676,1,2,2026-09-03,2027-09-03,false
3220464,1,2,2026-09-03,2027-09-03,false
4144008,1,2,2026-09-03,2027-09-03,false
2826847,1,2,2026-09-03,2027-09-03,false
3845151,1,2,2026-09-03,2027-09-03,false
1971122,1,2,2026-09-03,2027-09-03,false
9226572,1,2,2026-09-03,2027-09-03,false
7694343,1,2,2026-09-03,2027-09-03,false
2718162,1,2,2026-09-03,2027-09-03,false
2341841,1,2,2026-09-03,2027-09-03,false
7056863,1,2,2026-09-03,2027-09-03,false
2465885,1,2,2026-09-03,2027-09-03,false
0327500,1,2,2026-09-03,2027-09-03,false
8639869,1,2,2026-09-03,2027-09-03,false
4954601,1,2,2026-09-03,2027-09-03,false
1228398,1,2,2026-09-03,2027-09-03,false
1473930,1,2,2026-09-03,2027-09-03,false
6208035,1,2,2026-09-03,2027-09-03,false
4007718,1,2,2026-09-03,2027-09-03,false
6020369,1,2,2026-09-03,2027-09-03,false
2110633,1,2,2026-09-03,2027-09-03,false
0923105,1,2,2026-09-03,2027-09-03,false
6840469,1,2,2026-09-03,2027-09-03,false
3661616,1,2,2026-09-03,2027-09-03,false
3742159,1,2,2026-09-03,2027-09-03,false
4443069,1,2,2026-09-03,2027-09-03,false
9715671,1,2,2026-09-03,2027-09-03,false
7614788,1,2,2026-09-03,2027-09-03,false
0382420,1,2,2026-09-03,2027-09-03,false
6900667,1,2,2026-09-03,2027-09-03,false
6418515,1,2,2026-09-03,2027-09-03,false
5097404,1,2,2026-09-03,2027-09-03,false
6418317,1,2,2026-09-03,2027-09-03,false
0020284,1,2,2026-09-03,2027-09-03,false
0452637,1,2,2026-09-03,2027-09-03,false
8783120,1,2,2026-09-03,2027-09-03,false
5574792,1,2,2026-09-03,2027-09-03,false
6538841,1,2,2026-09-03,2027-09-03,false
0400361,1,2,2026-09-03,2027-09-03,false
9804612,1,2,2026-09-03,2027-09-03,false
0588903,1,2,2026-09-03,2027-09-03,false
2793990,1,2,2026-09-03,2027-09-03,false
8558099,1,2,2026-09-03,2027-09-03,false
3654818,1,2,2026-09-03,2027-09-03,false
1260256,1,2,2026-09-03,2027-09-03,false
5261246,1,2,2026-09-03,2027-09-03,false
0177479,1,2,2026-09-03,2027-09-03,false
4082912,1,2,2026-09-03,2027-09-03,false
1279199,1,2,2026-09-03,2027-09-03,false
8142022,1,2,2026-09-03,2027-09-03,false
6190993,1,2,2026-09-03,2027-09-03,false
6782064,1,2,2026-09-03,2027-09-03,false
4589804,1,2,2026-09-03,2027-09-03,false
0449244,1,2,2026-09-03,2027-09-03,false
2151751,1,2,2026-09-03,2027-09-03,false
5663030,1,2,2026-09-03,2027-09-03,false
0908823,1,2,2026-09-03,2027-09-03,false
1540087,1,2,2026-09-03,2027-09-03,false
5095079,1,2,2026-09-03,2027-09-03,false
1842236,1,2,2026-09-03,2027-09-03,false
7079143,1,2,2026-09-03,2027-09-03,false
0216468,1,2,2026-09-03,2027-09-03,false
3061916,1,2,2026-09-03,2027-09-03,false
6778360,1,2,2026-09-03,2027-09-03,false
0846146,1,2,2026-09-03,2027-09-03,false
4660528,1,2,2026-09-03,2027-09-03,false
4194959,1,2,2026-09-03,2027-09-03,false
3312949,1,2,2026-09-03,2027-09-03,false
0069801,1,2,2026-09-03,2027-09-03,false
9035717,1,2,2026-09-03,2027-09-03,false
9082528,1,2,2026-09-03,2027-09-03,false
0099381,1,2,2026-09-03,2027-09-03,false
4896267,1,2,2026-09-03,2027-09-03,false
6286020,1,2,2026-09-03,2027-09-03,false
6013109,1,2,2026-09-03,2027-09-03,false
0546193,1,2,2026-09-03,2027-09-03,false
1456429,1,2,2026-09-03,2027-09-03,false
6548967,1,2,2026-09-03,2027-09-03,false
1463314,1,2,2026-09-03,2027-09-03,false
3844478,1,2,2026-09-03,2027-09-03,false
5112131,1,2,2026-09-03,2027-09-03,false
3696503,1,2,2026-09-03,2027-09-03,false
2880113,1,2,2026-09-03,2027-09-03,false
7506340,1,2,2026-09-03,2027-09-03,false
8956794,1,2,2026-09-03,2027-09-03,false
5246549,1,2,2026-09-03,2027-09-03,false
8677296,1,2,2026-09-03,2027-09-03,false
3843391,1,2,2026-09-03,2027-09-03,false
0681182,1,2,2026-09-03,2027-09-03,false
8237712,1,2,2026-09-03,2027-09-03,false
9853084,1,2,2026-09-03,2027-09-03,false
5342793,1,2,2026-09-03,2027-09-03,false
7905920,1,2,2026-09-03,2027-09-03,false
1154579,1,2,2026-09-03,2027-09-03,false
0566452,1,2,2026-09-03,2027-09-03,false
1258626,1,2,2026-09-03,2027-09-03,false
2902605,1,2,2026-09-03,2027-09-03,false
4977469,1,2,2026-09-03,2027-09-03,false
2717840,1,2,2026-09-03,2027-09-03,false
8221177,1,2,2026-09-03,2027-09-03,false
2069480,1,2,2026-09-03,2027-09-03,false
1838445,1,2,2026-09-03,2027-09-03,false
7089842,1,2,2026-09-03,2027-09-03,false
5541515,1,2,2026-09-03,2027-09-03,false
1238222,1,2,2026-09-03,2027-09-03,false
5647871,1,2,2026-09-03,2027-09-03,false
9210017,1,2,2026-09-03,2027-09-03,false
5541506,1,2,2026-09-03,2027-09-03,false
9448688,1,2,2026-09-03,2027-09-03,false
8815023,1,2,2026-09-03,2027-09-03,false
2407730,1,2,2026-09-03,2027-09-03,false
2264069,1,2,2026-09-03,2027-09-03,false
8775188,1,2,2026-09-03,2027-09-03,false
0236757,1,2,2026-09-03,2027-09-03,false
6022694,1,2,2026-09-03,2027-09-03,false
9997315,1,2,2026-09-03,2027-09-03,false
1161582,1,2,2026-09-03,2027-09-03,false
5812966,1,2,2026-09-03,2027-09-03,false
1029537,1,2,2026-09-03,2027-09-03,false
7141921,1,2,2026-09-03,2027-09-03,false
3037736,1,2,2026-09-03,2027-09-03,false
7333303,1,2,2026-09-03,2027-09-03,false
5905911,1,2,2026-09-03,2027-09-03,false
4501698,1,2,2026-09-03,2027-09-03,false
7401784,1,2,2026-09-03,2027-09-03,false
9745507,1,2,2026-09-03,2027-09-03,false
6728668,1,2,2026-09-03,2027-09-03,false
0553685,1,2,2026-09-03,2027-09-03,false
0603392,1,2,2026-09-03,2027-09-03,false
1317517,1,2,2026-09-03,2027-09-03,false
2611599,1,2,2026-09-03,2027-09-03,false
1423378,1,2,2026-09-03,2027-09-03,false
3296196,1,2,2026-09-03,2027-09-03,false
6218179,1,2,2026-09-03,2027-09-03,false
8285650,1,2,2026-09-03,2027-09-03,false
3837024,1,2,2026-09-03,2027-09-03,false
8746514,1,2,2026-09-03,2027-09-03,false
6519746,1,2,2026-09-03,2027-09-03,false
4647840,1,2,2026-09-03,2027-09-03,false
6055139,1,2,2026-09-03,2027-09-03,false
3311520,1,2,2026-09-03,2027-09-03,false
9308064,1,2,2026-09-03,2027-09-03,false
7945966,1,2,2026-09-03,2027-09-03,false
2731350,1,2,2026-09-03,2027-09-03,false
1706954,1,2,2026-09-03,2027-09-03,false
5403564,1,2,2026-09-03,2027-09-03,false
6888367,1,2,2026-09-03,2027-09-03,false
7799651,1,2,2026-09-03,2027-09-03,false
7726345,1,2,2026-09-03,2027-09-03,false
8718546,1,2,2026-09-03,2027-09-03,false
2697375,1,2,2026-09-03,2027-09-03,false
4889029,1,2,2026-09-03,2027-09-03,false
2832489,1,2,2026-09-03,2027-09-03,false
3510012,1,2,2026-09-03,2027-09-03,false
1220514,1,2,2026-09-03,2027-09-03,false
1458128,1,2,2026-09-03,2027-09-03,false
5756473,1,2,2026-09-03,2027-09-03,false
9855595,1,2,2026-09-03,2027-09-03,false
0991224,1,2,2026-09-03,2027-09-03,false
4932540,1,2,2026-09-03,2027-09-03,false
0988333,1,2,2026-09-03,2027-09-03,false
7544015,1,2,2026-09-03,2027-09-03,false
6042167,1,2,2026-09-03,2027-09-03,false
0542338,1,2,2026-09-03,2027-09-03,false
1085301,1,2,2026-09-03,2027-09-03,false
8373235,1,2,2026-09-03,2027-09-03,false
7276700,1,2,2026-09-03,2027-09-03,false
8600037,1,2,2026-09-03,2027-09-03,false
4536831,1,2,2026-09-03,2027-09-03,false
8309531,1,2,2026-09-03,2027-09-03,false
2972224,1,2,2026-09-03,2027-09-03,false
1690155,1,2,2026-09-03,2027-09-03,false
7249921,1,2,2026-09-03,2027-09-03,false
6898213,1,2,2026-09-03,2027-09-03,false
3239645,1,2,2026-09-03,2027-09-03,false
7595348,1,2,2026-09-03,2027-09-03,false
4650645,1,2,2026-09-03,2027-09-03,false
2453834,1,2,2026-09-03,2027-09-03,false
4048137,1,2,2026-09-03,2027-09-03,false
2512366,1,2,2026-09-03,2027-09-03,false
0831432,1,2,2026-09-03,2027-09-03,false
8221294,1,2,2026-09-03,2027-09-03,false
6947466,1,2,2026-09-03,2027-09-03,false
7586862,1,2,2026-09-03,2027-09-03,false
6479695,1,2,2026-09-03,2027-09-03,false
6745285,1,2,2026-09-03,2027-09-03,false
1921121,1,2,2026-09-03,2027-09-03,false
4061693,1,2,2026-09-03,2027-09-03,false
7911948,1,2,2026-09-03,2027-09-03,false
7935460,1,2,2026-09-03,2027-09-03,false
7191280,1,2,2026-09-03,2027-09-03,false
8994411,1,2,2026-09-03,2027-09-03,false
3855030,1,2,2026-09-03,2027-09-03,false
3665168,1,2,2026-09-03,2027-09-03,false
6337876,1,2,2026-09-03,2027-09-03,false
0159819,1,2,2026-09-03,2027-09-03,false
6459713,1,2,2026-09-03,2027-09-03,false
1378084,1,2,2026-09-03,2027-09-03,false
4645774,1,2,2026-09-03,2027-09-03,false
5412256,1,2,2026-09-03,2027-09-03,false
9518043,1,2,2026-09-03,2027-09-03,false
4047966,1,2,2026-09-03,2027-09-03,false
9294991,1,2,2026-09-03,2027-09-03,false
7962772,1,2,2026-09-03,2027-09-03,false
4539319,1,2,2026-09-03,2027-09-03,false
8259821,1,2,2026-09-03,2027-09-03,false
1911025,1,2,2026-09-03,2027-09-03,false
7580338,1,2,2026-09-03,2027-09-03,false
7597032,1,2,2026-09-03,2027-09-03,false
7295738,1,2,2026-09-03,2027-09-03,false
2912320,1,2,2026-09-03,2027-09-03,false
4349918,1,2,2026-09-03,2027-09-03,false
7167413,1,2,2026-09-03,2027-09-03,false
3203241,1,2,2026-09-03,2027-09-03,false
4986658,1,2,2026-09-03,2027-09-03,false
8946687,1,2,2026-09-03,2027-09-03,false
7250908,1,2,2026-09-03,2027-09-03,false
3320144,1,2,2026-09-03,2027-09-03,false
5937897,1,2,2026-09-03,2027-09-03,false
5096438,1,2,2026-09-03,2027-09-03,false
5681670,1,2,2026-09-03,2027-09-03,false
5615122,1,2,2026-09-03,2027-09-03,false
8785494,1,2,2026-09-03,2027-09-03,false
4891009,1,2,2026-09-03,2027-09-03,false
7399023,1,2,2026-09-03,2027-09-03,false
0480238,1,2,2026-09-03,2027-09-03,false
2321108,1,2,2026-09-03,2027-09-03,false
7153602,1,2,2026-09-03,2027-09-03,false
6231743,1,2,2026-09-03,2027-09-03,false
9499879,1,2,2026-09-03,2027-09-03,false
6058599,1,2,2026-09-03,2027-09-03,false
9373248,1,2,2026-09-03,2027-09-03,false
5913194,1,2,2026-09-03,2027-09-03,false
1686336,1,2,2026-09-03,2027-09-03,false
3268276,1,2,2026-09-03,2027-09-03,false
6978376,1,2,2026-09-03,2027-09-03,false
7428181,1,2,2026-09-03,2027-09-03,false
1186512,1,2,2026-09-03,2027-09-03,false
6608245,1,2,2026-09-03,2027-09-03,false
2341667,1,2,2026-09-03,2027-09-03,false
8575353,1,2,2026-09-03,2027-09-03,false
6258350,1,2,2026-09-03,2027-09-03,false
2658838,1,2,2026-09-03,2027-09-03,false
5233930,1,2,2026-09-03,2027-09-03,false
4396138,1,2,2026-09-03,2027-09-03,false
1032096,1,2,2026-09-03,2027-09-03,false
8967642,1,2,2026-09-03,2027-09-03,false
8699175,1,2,2026-09-03,2027-09-03,false
9929328,1,2,2026-09-03,2027-09-03,false
6182683,1,2,2026-09-03,2027-09-03,false
1618169,1,2,2026-09-03,2027-09-03,false
4072513,1,2,2026-09-03,2027-09-03,false
3028798,1,2,2026-09-03,2027-09-03,false
9174162,1,2,2026-09-03,2027-09-03,false
6163567,1,2,2026-09-03,2027-09-03,false
5933431,1,2,2026-09-03,2027-09-03,false
9176771,1,2,2026-09-03,2027-09-03,false
9191119,1,2,2026-09-03,2027-09-03,false
2556231,1,2,2026-09-03,2027-09-03,false
7234167,1,2,2026-09-03,2027-09-03,false
5878692,1,2,2026-09-03,2027-09-03,false
8464853,1,2,2026-09-03,2027-09-03,false
9381993,1,2,2026-09-03,2027-09-03,false
2891495,1,2,2026-09-03,2027-09-03,false
3741906,1,2,2026-09-03,2027-09-03,false
6612449,1,2,2026-09-03,2027-09-03,false
4326806,1,2,2026-09-03,2027-09-03,false
8054821,1,2,2026-09-03,2027-09-03,false
4394895,1,2,2026-09-03,2027-09-03,false
1343093,1,2,2026-09-03,2027-09-03,false
6993949,1,2,2026-09-03,2027-09-03,false
0271866,1,2,2026-09-03,2027-09-03,false
4864739,1,2,2026-09-03,2027-09-03,false
6813622,1,2,2026-09-03,2027-09-03,false
4438990,1,2,2026-09-03,2027-09-03,false
5416998,1,2,2026-09-03,2027-09-03,false
0461700,1,2,2026-09-03,2027-09-03,false
4402165,1,2,2026-09-03,2027-09-03,false
0185849,1,2,2026-09-03,2027-09-03,false
6692812,1,2,2026-09-03,2027-09-03,false
7480033,1,2,2026-09-03,2027-09-03,false
8278329,1,2,2026-09-03,2027-09-03,false
6212816,1,2,2026-09-03,2027-09-03,false
3784387,1,2,2026-09-03,2027-09-03,false
7675033,1,2,2026-09-03,2027-09-03,false
7618741,1,2,2026-09-03,2027-09-03,false
4785515,1,2,2026-09-03,2027-09-03,false
0453874,1,2,2026-09-03,2027-09-03,false
2915484,1,2,2026-09-03,2027-09-03,false
1249982,1,2,2026-09-03,2027-09-03,false
4977836,1,2,2026-09-03,2027-09-03,false
6218709,1,2,2026-09-03,2027-09-03,false
9373971,1,2,2026-09-03,2027-09-03,false
7259669,1,2,2026-09-03,2027-09-03,false
8925045,1,2,2026-09-03,2027-09-03,false
7631515,1,2,2026-09-03,2027-09-03,false
8212335,1,2,2026-09-03,2027-09-03,false
3214537,1,2,2026-09-03,2027-09-03,false
5447329,1,2,2026-09-03,2027-09-03,false
8483913,1,2,2026-09-03,2027-09-03,false
7340159,1,2,2026-09-03,2027-09-03,false
9935851,1,2,2026-09-03,2027-09-03,false
5861383,1,2,2026-09-03,2027-09-03,false
1264375,1,2,2026-09-03,2027-09-03,false
8856566,1,2,2026-09-03,2027-09-03,false
1263196,1,2,2026-09-03,2027-09-03,false
6246583,1,2,2026-09-03,2027-09-03,false
2635228,1,2,2026-09-03,2027-09-03,false
7613225,1,2,2026-09-03,2027-09-03,false
7495810,1,2,2026-09-03,2027-09-03,false
5924378,1,2,2026-09-03,2027-09-03,false
8484517,1,2,2026-09-03,2027-09-03,false
8287691,1,2,2026-09-03,2027-09-03,false
4519465,1,2,2026-09-03,2027-09-03,false
8679959,1,2,2026-09-03,2027-09-03,false
5606339,1,2,2026-09-03,2027-09-03,false
5235908,1,2,2026-09-03,2027-09-03,false
6059573,1,2,2026-09-03,2027-09-03,false
8970772,1,2,2026-09-03,2027-09-03,false
9769439,1,2,2026-09-03,2027-09-03,false
6300041,1,2,2026-09-03,2027-09-03,false
5452662,1,2,2026-09-03,2027-09-03,false
0277606,1,2,2026-09-03,2027-09-03,false
5336128,1,2,2026-09-03,2027-09-03,false
0814635,1,2,2026-09-03,2027-09-03,false
8518985,1,2,2026-09-03,2027-09-03,false
2484950,1,2,2026-09-03,2027-09-03,false
3088788,1,2,2026-09-03,2027-09-03,false
6377622,1,2,2026-09-03,2027-09-03,false
1307512,1,2,2026-09-03,2027-09-03,false
0896867,1,2,2026-09-03,2027-09-03,false
8188792,1,2,2026-09-03,2027-09-03,false
7514034,1,2,2026-09-03,2027-09-03,false
5352695,1,2,2026-09-03,2027-09-03,false
6018063,1,2,2026-09-03,2027-09-03,false
8494927,1,2,2026-09-03,2027-09-03,false
9032059,1,2,2026-09-03,2027-09-03,false
0151691,1,2,2026-09-03,2027-09-03,false
8058129,1,2,2026-09-03,2027-09-03,false
5481364,1,2,2026-09-03,2027-09-03,false
5749408,1,2,2026-09-03,2027-09-03,false
8483600,1,2,2026-09-03,2027-09-03,false
1507837,1,2,2026-09-03,2027-09-03,false
3841913,1,2,2026-09-03,2027-09-03,false
4224292,1,2,2026-09-03,2027-09-03,false
4098651,1,2,2026-09-03,2027-09-03,false
2678369,1,2,2026-09-03,2027-09-03,false
6539831,1,2,2026-09-03,2027-09-03,false
3818268,1,2,2026-09-03,2027-09-03,false
4861637,1,2,2026-09-03,2027-09-03,false
9772764,1,2,2026-09-03,2027-09-03,false
5502254,1,2,2026-09-03,2027-09-03,false
2084783,1,2,2026-09-03,2027-09-03,false
8511081,1,2,2026-09-03,2027-09-03,false
9577385,1,2,2026-09-03,2027-09-03,false
8795240,1,2,2026-09-03,2027-09-03,false
6338647,1,2,2026-09-03,2027-09-03,false
1135103,1,2,2026-09-03,2027-09-03,false
0106216,1,2,2026-09-03,2027-09-03,false
6470461,1,2,2026-09-03,2027-09-03,false
9950201,1,2,2026-09-03,2027-09-03,false
5651143,1,2,2026-09-03,2027-09-03,false
4054961,1,2,2026-09-03,2027-09-03,false
1139804,1,2,2026-09-03,2027-09-03,false
8682446,1,2,2026-09-03,2027-09-03,false
1252775,1,2,2026-09-03,2027-09-03,false
2168292,1,2,2026-09-03,2027-09-03,false
0540813,1,2,2026-09-03,2027-09-03,false
3338252,1,2,2026-09-03,2027-09-03,false
6684580,1,2,2026-09-03,2027-09-03,false
1950350,1,2,2026-09-03,2027-09-03,false
2000048,1,2,2026-09-03,2027-09-03,false
7875858,1,2,2026-09-03,2027-09-03,false
3200311,1,2,2026-09-03,2027-09-03,false
7331930,1,2,2026-09-03,2027-09-03,false
2277317,1,2,2026-09-03,2027-09-03,false
4899675,1,2,2026-09-03,2027-09-03,false
9884671,1,2,2026-09-03,2027-09-03,false
2313276,1,2,2026-09-03,2027-09-03,false
4350794,1,2,2026-09-03,2027-09-03,false
3563832,1,2,2026-09-03,2027-09-03,false
3814541,1,2,2026-09-03,2027-09-03,false
9205742,1,2,2026-09-03,2027-09-03,false
3914948,1,2,2026-09-03,2027-09-03,false
6018184,1,2,2026-09-03,2027-09-03,false
8634523,1,2,2026-09-03,2027-09-03,false
4826879,1,2,2026-09-03,2027-09-03,false
3755936,1,2,2026-09-03,2027-09-03,false
5658768,1,2,2026-09-03,2027-09-03,false
0632354,1,2,2026-09-03,2027-09-03,false
1228234,1,2,2026-09-03,2027-09-03,false
5523870,1,2,2026-09-03,2027-09-03,false
8780397,1,2,2026-09-03,2027-09-03,false
3393544,1,2,2026-09-03,2027-09-03,false
3760565,1,2,2026-09-03,2027-09-03,false
1609348,1,2,2026-09-03,2027-09-03,false
8243348,1,2,2026-09-03,2027-09-03,false
5577309,1,2,2026-09-03,2027-09-03,false
2115173,1,2,2026-09-03,2027-09-03,false
7451358,1,2,2026-09-03,2027-09-03,false
8266075,1,2,2026-09-03,2027-09-03,false
1943280,1,2,2026-09-03,2027-09-03,false
4806612,1,2,2026-09-03,2027-09-03,false
3766004,1,2,2026-09-03,2027-09-03,false
7020163,1,2,2026-09-03,2027-09-03,false
7818691,1,2,2026-09-03,2027-09-03,false
7080944,1,2,2026-09-03,2027-09-03,false
6354932,1,2,2026-09-03,2027-09-03,false
3493434,1,2,2026-09-03,2027-09-03,false
4862417,1,2,2026-09-03,2027-09-03,false
5334837,1,2,2026-09-03,2027-09-03,false
6697255,1,2,2026-09-03,2027-09-03,false
7948551,1,2,2026-09-03,2027-09-03,false
9658520,1,2,2026-09-03,2027-09-03,false
7411799,1,2,2026-09-03,2027-09-03,false
7677504,1,2,2026-09-03,2027-09-03,false
1088160,1,2,2026-09-03,2027-09-03,false
8478752,1,2,2026-09-03,2027-09-03,false
7422019,1,2,2026-09-03,2027-09-03,false
1163432,1,2,2026-09-03,2027-09-03,false
0911506,1,2,2026-09-03,2027-09-03,false
5574094,1,2,2026-09-03,2027-09-03,false
6789830,1,2,2026-09-03,2027-09-03,false
9146234,1,2,2026-09-03,2027-09-03,false
8341498,1,2,2026-09-03,2027-09-03,false
4119041,1,2,2026-09-03,2027-09-03,false
2710286,1,2,2026-09-03,2027-09-03,false
2864962,1,2,2026-09-03,2027-09-03,false
6394351,1,2,2026-09-03,2027-09-03,false
5201995,1,2,2026-09-03,2027-09-03,false
9001795,1,2,2026-09-03,2027-09-03,false
6045827,1,2,2026-09-03,2027-09-03,false
1456618,1,2,2026-09-03,2027-09-03,false
8401213,1,2,2026-09-03,2027-09-03,false
3824242,1,2,2026-09-03,2027-09-03,false
3970175,1,2,2026-09-03,2027-09-03,false
2656988,1,2,2026-09-03,2027-09-03,false
1255236,1,2,2026-09-03,2027-09-03,false
4892300,1,2,2026-09-03,2027-09-03,false
5835312,1,2,2026-09-03,2027-09-03,false
7332584,1,2,2026-09-03,2027-09-03,false
8088741,1,2,2026-09-03,2027-09-03,false
5292744,1,2,2026-09-03,2027-09-03,false
6834242,1,2,2026-09-03,2027-09-03,false
7608893,1,2,2026-09-03,2027-09-03,false
6523935,1,2,2026-09-03,2027-09-03,false
7521840,1,2,2026-09-03,2027-09-03,false
8646677,1,2,2026-09-03,2027-09-03,false
8714355,1,2,2026-09-03,2027-09-03,false
1901974,1,2,2026-09-03,2027-09-03,false
1160008,1,2,2026-09-03,2027-09-03,false
0582262,1,2,2026-09-03,2027-09-03,false
9418217,1,2,2026-09-03,2027-09-03,false
7371491,1,2,2026-09-03,2027-09-03,false
0278061,1,2,2026-09-03,2027-09-03,false
1764322,1,2,2026-09-03,2027-09-03,false
3340557,1,2,2026-09-03,2027-09-03,false
6529471,1,2,2026-09-03,2027-09-03,false
1738125,1,2,2026-09-03,2027-09-03,false
0392602,1,2,2026-09-03,2027-09-03,false
9301198,1,2,2026-09-03,2027-09-03,false
3986888,1,2,2026-09-03,2027-09-03,false
7053881,1,2,2026-09-03,2027-09-03,false
9804462,1,2,2026-09-03,2027-09-03,false
3100837,1,2,2026-09-03,2027-09-03,false
9441314,1,2,2026-09-03,2027-09-03,false
7614203,1,2,2026-09-03,2027-09-03,false
6911897,1,2,2026-09-03,2027-09-03,false
5629671,1,2,2026-09-03,2027-09-03,false
1478649,1,2,2026-09-03,2027-09-03,false
0189532,1,2,2026-09-03,2027-09-03,false
8839914,1,2,2026-09-03,2027-09-03,false
9802782,1,2,2026-09-03,2027-09-03,false
4834538,1,2,2026-09-03,2027-09-03,false
7110707,1,2,2026-09-03,2027-09-03,false
3720429,1,2,2026-09-03,2027-09-03,false
6271093,1,2,2026-09-03,2027-09-03,false
1831314,1,2,2026-09-03,2027-09-03,false
4215235,1,2,2026-09-03,2027-09-03,false
3058510,1,2,2026-09-03,2027-09-03,false
3349910,1,2,2026-09-03,2027-09-03,false
7730565,1,2,2026-09-03,2027-09-03,false
7790730,1,2,2026-09-03,2027-09-03,false
2808438,1,2,2026-09-03,2027-09-03,false
0629458,1,2,2026-09-03,2027-09-03,false
2654683,1,2,2026-09-03,2027-09-03,false
7104099,1,2,2026-09-03,2027-09-03,false
7183207,1,2,2026-09-03,2027-09-03,false
6460052,1,2,2026-09-03,2027-09-03,false
4782934,1,2,2026-09-03,2027-09-03,false
6617447,1,2,2026-09-03,2027-09-03,false
3597580,1,2,2026-09-03,2027-09-03,false
1678436,1,2,2026-09-03,2027-09-03,false
9854500,1,2,2026-09-03,2027-09-03,false
0140815,1,2,2026-09-03,2027-09-03,false
7957378,1,2,2026-09-03,2027-09-03,false
9845740,1,2,2026-09-03,2027-09-03,false
8476500,1,2,2026-09-03,2027-09-03,false
0924265,1,2,2026-09-03,2027-09-03,false
3291274,1,2,2026-09-03,2027-09-03,false
6020279,1,2,2026-09-03,2027-09-03,false
2755941,1,2,2026-09-03,2027-09-03,false
0615770,1,2,2026-09-03,2027-09-03,false
4414397,1,2,2026-09-03,2027-09-03,false
9854454,1,2,2026-09-03,2027-09-03,false
4783016,1,2,2026-09-03,2027-09-03,false
6279106,1,2,2026-09-03,2027-09-03,false
7752622,1,2,2026-09-03,2027-09-03,false
6019953,1,2,2026-09-03,2027-09-03,false
2110415,1,2,2026-09-03,2027-09-03,false
7959688,1,2,2026-09-03,2027-09-03,false
3203468,1,2,2026-09-03,2027-09-03,false
6903582,1,2,2026-09-03,2027-09-03,false
3108975,1,2,2026-09-03,2027-09-03,false
1791427,1,2,2026-09-03,2027-09-03,false
9095054,1,2,2026-09-03,2027-09-03,false
4995795,1,2,2026-09-03,2027-09-03,false
8651945,1,2,2026-09-03,2027-09-03,false
8018889,1,2,2026-09-03,2027-09-03,false
2889715,1,2,2026-09-03,2027-09-03,false
4293891,1,2,2026-09-03,2027-09-03,false
8701945,1,2,2026-09-03,2027-09-03,false
3330029,1,2,2026-09-03,2027-09-03,false
4533384,1,2,2026-09-03,2027-09-03,false
2919432,1,2,2026-09-03,2027-09-03,false
6067909,1,2,2026-09-03,2027-09-03,false
1391512,1,2,2026-09-03,2027-09-03,false
5632978,1,2,2026-09-03,2027-09-03,false
3651665,1,2,2026-09-03,2027-09-03,false
6900283,1,2,2026-09-03,2027-09-03,false
2318920,1,2,2026-09-03,2027-09-03,false
2229938,1,2,2026-09-03,2027-09-03,false
1628759,1,2,2026-09-03,2027-09-03,false
6477857,1,2,2026-09-03,2027-09-03,false
9637557,1,2,2026-09-03,2027-09-03,false
9796270,1,2,2026-09-03,2027-09-03,false
3816663,1,2,2026-09-03,2027-09-03,false
1613370,1,2,2026-09-03,2027-09-03,false
6654708,1,2,2026-09-03,2027-09-03,false
4536169,1,2,2026-09-03,2027-09-03,false
7295264,1,2,2026-09-03,2027-09-03,false
5284140,1,2,2026-09-03,2027-09-03,false
9392220,1,2,2026-09-03,2027-09-03,false
4299702,1,2,2026-09-03,2027-09-03,false
4646505,1,2,2026-09-03,2027-09-03,false
3466365,1,2,2026-09-03,2027-09-03,false
8678357,1,2,2026-09-03,2027-09-03,false
0450360,1,2,2026-09-03,2027-09-03,false
0760403,1,2,2026-09-03,2027-09-03,false
5994834,1,2,2026-09-03,2027-09-03,false
1981862,1,2,2026-09-03,2027-09-03,false
7246673,1,2,2026-09-03,2027-09-03,false
1196622,1,2,2026-09-03,2027-09-03,false
6659760,1,2,2026-09-03,2027-09-03,false
4978938,1,2,2026-09-03,2027-09-03,false
9352729,1,2,2026-09-03,2027-09-03,false
4381297,1,2,2026-09-03,2027-09-03,false
2639204,1,2,2026-09-03,2027-09-03,false
3586246,1,2,2026-09-03,2027-09-03,false
9445006,1,2,2026-09-03,2027-09-03,false
7580308,1,2,2026-09-03,2027-09-03,false
0198003,1,2,2026-09-03,2027-09-03,false
4999449,1,2,2026-09-03,2027-09-03,false
1638327,1,2,2026-09-03,2027-09-03,false
8865926,1,2,2026-09-03,2027-09-03,false
4606251,1,2,2026-09-03,2027-09-03,false
0971968,1,2,2026-09-03,2027-09-03,false
0050554,1,2,2026-09-03,2027-09-03,false
1016518,1,2,2026-09-03,2027-09-03,false
5726850,1,2,2026-09-03,2027-09-03,false
3543962,1,2,2026-09-03,2027-09-03,false
7375053,1,2,2026-09-03,2027-09-03,false
0219316,1,2,2026-09-03,2027-09-03,false
6241357,1,2,2026-09-03,2027-09-03,false
2394408,1,2,2026-09-03,2027-09-03,false
2929272,1,2,2026-09-03,2027-09-03,false
2334691,1,2,2026-09-03,2027-09-03,false
0489301,1,2,2026-09-03,2027-09-03,false
8833105,1,2,2026-09-03,2027-09-03,false
6610086,1,2,2026-09-03,2027-09-03,false
4922002,1,2,2026-09-03,2027-09-03,false
9628243,1,2,2026-09-03,2027-09-03,false
7964222,1,2,2026-09-03,2027-09-03,false
6109348,1,2,2026-09-03,2027-09-03,false
9114040,1,2,2026-09-03,2027-09-03,false
3913387,1,2,2026-09-03,2027-09-03,false
1948053,1,2,2026-09-03,2027-09-03,false
7459935,1,2,2026-09-03,2027-09-03,false
0611188,1,2,2026-09-03,2027-09-03,false
1681306,1,2,2026-09-03,2027-09-03,false
1377192,1,2,2026-09-03,2027-09-03,false
2505401,1,2,2026-09-03,2027-09-03,false
0032623,1,2,2026-09-03,2027-09-03,false
0694260,1,2,2026-09-03,2027-09-03,false
6297606,1,2,2026-09-03,2027-09-03,false
2710782,1,2,2026-09-03,2027-09-03,false
0152135,1,2,2026-09-03,2027-09-03,false
2605716,1,2,2026-09-03,2027-09-03,false
4854620,1,2,2026-09-03,2027-09-03,false
4181288,1,2,2026-09-03,2027-09-03,false
3362169,1,2,2026-09-03,2027-09-03,false
0715476,1,2,2026-09-03,2027-09-03,false
1044046,1,2,2026-09-03,2027-09-03,false
9894848,1,2,2026-09-03,2027-09-03,false
8794016,1,2,2026-09-03,2027-09-03,false
1157708,1,2,2026-09-03,2027-09-03,false
0959045,1,2,2026-09-03,2027-09-03,false
1595819,1,2,2026-09-03,2027-09-03,false
4389363,1,2,2026-09-03,2027-09-03,false
4758860,1,2,2026-09-03,2027-09-03,false
5117472,1,2,2026-09-03,2027-09-03,false
1697983,1,2,2026-09-03,2027-09-03,false
4137469,1,2,2026-09-03,2027-09-03,false
0485220,1,2,2026-09-03,2027-09-03,false
1231216,1,2,2026-09-03,2027-09-03,false
4897703,1,2,2026-09-03,2027-09-03,false
9539232,1,2,2026-09-03,2027-09-03,false
5412674,1,2,2026-09-03,2027-09-03,false
2512623,1,2,2026-09-03,2027-09-03,false
6111512,1,2,2026-09-03,2027-09-03,false
5479574,1,2,2026-09-03,2027-09-03,false
6093192,1,2,2026-09-03,2027-09-03,false
7190719,1,2,2026-09-03,2027-09-03,false
3107355,1,2,2026-09-03,2027-09-03,false
1833488,1,2,2026-09-03,2027-09-03,false
6751420,1,2,2026-09-03,2027-09-03,false
7878043,1,2,2026-09-03,2027-09-03,false
1937569,1,2,2026-09-03,2027-09-03,false
8374350,1,2,2026-09-03,2027-09-03,false
5118645,1,2,2026-09-03,2027-09-03,false
4590551,1,2,2026-09-03,2027-09-03,false
3743880,1,2,2026-09-03,2027-09-03,false
3646736,1,2,2026-09-03,2027-09-03,false
8370297,1,2,2026-09-03,2027-09-03,false
4248929,1,2,2026-09-03,2027-09-03,false
1983564,1,2,2026-09-03,2027-09-03,false
1570734,1,2,2026-09-03,2027-09-03,false
8533931,1,2,2026-09-03,2027-09-03,false
4164349,1,2,2026-09-03,2027-09-03,false
4638268,1,2,2026-09-03,2027-09-03,false
3833594,1,2,2026-09-03,2027-09-03,false
1214816,1,2,2026-09-03,2027-09-03,false
5347390,1,2,2026-09-03,2027-09-03,false
7038327,1,2,2026-09-03,2027-09-03,false
4127812,1,2,2026-09-03,2027-09-03,false
5550592,1,2,2026-09-03,2027-09-03,false
4018360,1,2,2026-09-03,2027-09-03,false
8416167,1,2,2026-09-03,2027-09-03,false
2241320,1,2,2026-09-03,2027-09-03,false
7545795,1,2,2026-09-03,2027-09-03,false
3622895,1,2,2026-09-03,2027-09-03,false
4464322,1,2,2026-09-03,2027-09-03,false
5745194,1,2,2026-09-03,2027-09-03,false
0554349,1,2,2026-09-03,2027-09-03,false
8402459,1,2,2026-09-03,2027-09-03,false
7167119,1,2,2026-09-03,2027-09-03,false
0996723,1,2,2026-09-03,2027-09-03,false
2341326,1,2,2026-09-03,2027-09-03,false
3137755,1,2,2026-09-03,2027-09-03,false
9062554,1,2,2026-09-03,2027-09-03,false
2252423,1,2,2026-09-03,2027-09-03,false
4949634,1,2,2026-09-03,2027-09-03,false
9083499,1,2,2026-09-03,2027-09-03,false
8292063,1,2,2026-09-03,2027-09-03,false
4572567,1,2,2026-09-03,2027-09-03,false
7742897,1,2,2026-09-03,2027-09-03,false
1155827,1,2,2026-09-03,2027-09-03,false
2816891,1,2,2026-09-03,2027-09-03,false
1852635,1,2,2026-09-03,2027-09-03,false
3753890,1,2,2026-09-03,2027-09-03,false
3821146,1,2,2026-09-03,2027-09-03,false
3140147,1,2,2026-09-03,2027-09-03,false
8497384,1,2,2026-09-03,2027-09-03,false
6828963,1,2,2026-09-03,2027-09-03,false
8192809,1,2,2026-09-03,2027-09-03,false
2629320,1,2,2026-09-03,2027-09-03,false
9219622,1,2,2026-09-03,2027-09-03,false
2966908,1,2,2026-09-03,2027-09-03,false
4703802,1,2,2026-09-03,2027-09-03,false
2642405,1,2,2026-09-03,2027-09-03,false
0301376,1,2,2026-09-03,2027-09-03,false
7367525,1,2,2026-09-03,2027-09-03,false
8191747,1,2,2026-09-03,2027-09-03,false
6604033,1,2,2026-09-03,2027-09-03,false
2588177,1,2,2026-09-03,2027-09-03,false
1524059,1,2,2026-09-03,2027-09-03,false
2406103,1,2,2026-09-03,2027-09-03,false
7751589,1,2,2026-09-03,2027-09-03,false
3403788,1,2,2026-09-03,2027-09-03,false
6865037,1,2,2026-09-03,2027-09-03,false
6867231,1,2,2026-09-03,2027-09-03,false
3442881,1,2,2026-09-03,2027-09-03,false
2539399,1,2,2026-09-03,2027-09-03,false
7393360,1,2,2026-09-03,2027-09-03,false
4936859,1,2,2026-09-03,2027-09-03,false
0972580,1,2,2026-09-03,2027-09-03,false
1744520,1,2,2026-09-03,2027-09-03,false
8506290,1,2,2026-09-03,2027-09-03,false
3233490,1,2,2026-09-03,2027-09-03,false
9120310,1,2,2026-09-03,2027-09-03,false
0939511,1,2,2026-09-03,2027-09-03,false
9616997,1,2,2026-09-03,2027-09-03,false
5462195,1,2,2026-09-03,2027-09-03,false
2567197,1,2,2026-09-03,2027-09-03,false
9069786,1,2,2026-09-03,2027-09-03,false
9667526,1,2,2026-09-03,2027-09-03,false
0812406,1,2,2026-09-03,2027-09-03,false
0216134,1,2,2026-09-03,2027-09-03,false
8699938,1,2,2026-09-03,2027-09-03,false
3101708,1,2,2026-09-03,2027-09-03,false
2908101,1,2,2026-09-03,2027-09-03,false
5706650,1,2,2026-09-03,2027-09-03,false
8663821,1,2,2026-09-03,2027-09-03,false
3325398,1,2,2026-09-03,2027-09-03,false
9029040,1,2,2026-09-03,2027-09-03,false
0401648,1,2,2026-09-03,2027-09-03,false
9516192,1,2,2026-09-03,2027-09-03,false
6406793,1,2,2026-09-03,2027-09-03,false
1803027,1,2,2026-09-03,2027-09-03,false
5525880,1,2,2026-09-03,2027-09-03,false
3479541,1,2,2026-09-03,2027-09-03,false
4784667,1,2,2026-09-03,2027-09-03,false
8170881,1,2,2026-09-03,2027-09-03,false
3761720,1,2,2026-09-03,2027-09-03,false
1668600,1,2,2026-09-03,2027-09-03,false
0964810,1,2,2026-09-03,2027-09-03,false
8185620,1,2,2026-09-03,2027-09-03,false
9402596,1,2,2026-09-03,2027-09-03,false
2138329,1,2,2026-09-03,2027-09-03,false
1827116,1,2,2026-09-03,2027-09-03,false
8484333,1,2,2026-09-03,2027-09-03,false
5462713,1,2,2026-09-03,2027-09-03,false
1215121,1,2,2026-09-03,2027-09-03,false
0208513,1,2,2026-09-03,2027-09-03,false
4954003,1,2,2026-09-03,2027-09-03,false
0116858,1,2,2026-09-03,2027-09-03,false
8573341,1,2,2026-09-03,2027-09-03,false
6864211,1,2,2026-09-03,2027-09-03,false
1884559,1,2,2026-09-03,2027-09-03,false
5823079,1,2,2026-09-03,2027-09-03,false
7503923,1,2,2026-09-03,2027-09-03,false
1949695,1,2,2026-09-03,2027-09-03,false
3772122,1,2,2026-09-03,2027-09-03,false
6443794,1,2,2026-09-03,2027-09-03,false
7070318,1,2,2026-09-03,2027-09-03,false
0672395,1,2,2026-09-03,2027-09-03,false
0970898,1,2,2026-09-03,2027-09-03,false
2493103,1,2,2026-09-03,2027-09-03,false
3150106,1,2,2026-09-03,2027-09-03,false
1066403,1,2,2026-09-03,2027-09-03,false
8855942,1,2,2026-09-03,2027-09-03,false
1382679,1,2,2026-09-03,2027-09-03,false
9319469,1,2,2026-09-03,2027-09-03,false
1891696,1,2,2026-09-03,2027-09-03,false
1183489,1,2,2026-09-03,2027-09-03,false
5712268,1,2,2026-09-03,2027-09-03,false
3461286,1,2,2026-09-03,2027-09-03,false
0729582,1,2,2026-09-03,2027-09-03,false
8432861,1,2,2026-09-03,2027-09-03,false
8815838,1,2,2026-09-03,2027-09-03,false
7981808,1,2,2026-09-03,2027-09-03,false
3934554,1,2,2026-09-03,2027-09-03,false
2419922,1,2,2026-09-03,2027-09-03,false
0016382,1,2,2026-09-03,2027-09-03,false
5113912,1,2,2026-09-03,2027-09-03,false
0164952,1,2,2026-09-03,2027-09-03,false
1103858,1,2,2026-09-03,2027-09-03,false
2433246,1,2,2026-09-03,2027-09-03,false
0605085,1,2,2026-09-03,2027-09-03,false
2684398,1,2,2026-09-03,2027-09-03,false
7781490,1,2,2026-09-03,2027-09-03,false
4084198,1,2,2026-09-03,2027-09-03,false
2683337,1,2,2026-09-03,2027-09-03,false
5746258,1,2,2026-09-03,2027-09-03,false
8978012,1,2,2026-09-03,2027-09-03,false
1869352,1,2,2026-09-03,2027-09-03,false
5064517,1,2,2026-09-03,2027-09-03,false
0051486,1,2,2026-09-03,2027-09-03,false
0768571,1,2,2026-09-03,2027-09-03,false
2024218,1,2,2026-09-03,2027-09-03,false
6363707,1,2,2026-09-03,2027-09-03,false
7765260,1,2,2026-09-03,2027-09-03,false
5870859,1,2,2026-09-03,2027-09-03,false
4003708,1,2,2026-09-03,2027-09-03,false
3836054,1,2,2026-09-03,2027-09-03,false
3579854,1,2,2026-09-03,2027-09-03,false
7547778,1,2,2026-09-03,2027-09-03,false
3403077,1,2,2026-09-03,2027-09-03,false
8513300,1,2,2026-09-03,2027-09-03,false
8014671,1,2,2026-09-03,2027-09-03,false
3461192,1,2,2026-09-03,2027-09-03,false
4383858,1,2,2026-09-03,2027-09-03,false
4026108,1,2,2026-09-03,2027-09-03,false
7400866,1,2,2026-09-03,2027-09-03,false
1733706,1,2,2026-09-03,2027-09-03,false
6440303,1,2,2026-09-03,2027-09-03,false
0394295,1,2,2026-09-03,2027-09-03,false
2076668,1,2,2026-09-03,2027-09-03,false
7243340,1,2,2026-09-03,2027-09-03,false
5253231,1,2,2026-09-03,2027-09-03,false
6421835,1,2,2026-09-03,2027-09-03,false
6141167,1,2,2026-09-03,2027-09-03,false
6925982,1,2,2026-09-03,2027-09-03,false
8265979,1,2,2026-09-03,2027-09-03,false
4590458,1,2,2026-09-03,2027-09-03,false
1458033,1,2,2026-09-03,2027-09-03,false
2951565,1,2,2026-09-03,2027-09-03,false
7798037,1,2,2026-09-03,2027-09-03,false
2065848,1,2,2026-09-03,2027-09-03,false
2596643,1,2,2026-09-03,2027-09-03,false
7868928,1,2,2026-09-03,2027-09-03,false
9477403,1,2,2026-09-03,2027-09-03,false
2823902,1,2,2026-09-03,2027-09-03,false
4560255,1,2,2026-09-03,2027-09-03,false
2206321,1,2,2026-09-03,2027-09-03,false
3046850,1,2,2026-09-03,2027-09-03,false
6289921,1,2,2026-09-03,2027-09-03,false
1679383,1,2,2026-09-03,2027-09-03,false
4779287,1,2,2026-09-03,2027-09-03,false
7908244,1,2,2026-09-03,2027-09-03,false
5731062,1,2,2026-09-03,2027-09-03,false
2553548,1,2,2026-09-03,2027-09-03,false
3346969,1,2,2026-09-03,2027-09-03,false
9754283,1,2,2026-09-03,2027-09-03,false
5330664,1,2,2026-09-03,2027-09-03,false
3807256,1,2,2026-09-03,2027-09-03,false
0487874,1,2,2026-09-03,2027-09-03,false
4511332,1,2,2026-09-03,2027-09-03,false
0695255,1,2,2026-09-03,2027-09-03,false
4382992,1,2,2026-09-03,2027-09-03,false
3803368,1,2,2026-09-03,2027-09-03,false
4013547,1,2,2026-09-03,2027-09-03,false
4950909,1,2,2026-09-03,2027-09-03,false
6876682,1,2,2026-09-03,2027-09-03,false
4515736,1,2,2026-09-03,2027-09-03,false
1754220,1,2,2026-09-03,2027-09-03,false
7838688,1,2,2026-09-03,2027-09-03,false
2901287,1,2,2026-09-03,2027-09-03,false
6965829,1,2,2026-09-03,2027-09-03,false
7766979,1,2,2026-09-03,2027-09-03,false
3969867,1,2,2026-09-03,2027-09-03,false
8262577,1,2,2026-09-03,2027-09-03,false
6523712,1,2,2026-09-03,2027-09-03,false
5413818,1,2,2026-09-03,2027-09-03,false
3031894,1,2,2026-09-03,2027-09-03,false
5459138,1,2,2026-09-03,2027-09-03,false
2140909,1,2,2026-09-03,2027-09-03,false
9157670,1,2,2026-09-03,2027-09-03,false
7794519,1,2,2026-09-03,2027-09-03,false
1994564,1,2,2026-09-03,2027-09-03,false
7600596,1,2,2026-09-03,2027-09-03,false
2931460,1,2,2026-09-03,2027-09-03,false
7986649,1,2,2026-09-03,2027-09-03,false
1604889,1,2,2026-09-03,2027-09-03,false
7542476,1,2,2026-09-03,2027-09-03,false
8727826,1,2,2026-09-03,2027-09-03,false
6865606,1,2,2026-09-03,2027-09-03,false
2257179,1,2,2026-09-03,2027-09-03,false
1557147,1,2,2026-09-03,2027-09-03,false
1056768,1,2,2026-09-03,2027-09-03,false
4855311,1,2,2026-09-03,2027-09-03,false
5394401,1,2,2026-09-03,2027-09-03,false
9957557,1,2,2026-09-03,2027-09-03,false
1295209,1,2,2026-09-03,2027-09-03,false
2784683,1,2,2026-09-03,2027-09-03,false
8267874,1,2,2026-09-03,2027-09-03,false
1250922,1,2,2026-09-03,2027-09-03,false
3727769,1,2,2026-09-03,2027-09-03,false
3024403,1,2,2026-09-03,2027-09-03,false
6453041,1,2,2026-09-03,2027-09-03,false
1370400,1,2,2026-09-03,2027-09-03,false
6506497,1,2,2026-09-03,2027-09-03,false
9815087,1,2,2026-09-03,2027-09-03,false
7683266,1,2,2026-09-03,2027-09-03,false
3964747,1,2,2026-09-03,2027-09-03,false
0384212,1,2,2026-09-03,2027-09-03,false
2696350,1,2,2026-09-03,2027-09-03,false
9812801,1,2,2026-09-03,2027-09-03,false
2922493,1,2,2026-09-03,2027-09-03,false
5833129,1,2,2026-09-03,2027-09-03,false
2278108,1,2,2026-09-03,2027-09-03,false
1023863,1,2,2026-09-03,2027-09-03,false
8648909,1,2,2026-09-03,2027-09-03,false
8082380,1,2,2026-09-03,2027-09-03,false
2549941,1,2,2026-09-03,2027-09-03,false
7319039,1,2,2026-09-03,2027-09-03,false
5364992,1,2,2026-09-03,2027-09-03,false
2918826,1,2,2026-09-03,2027-09-03,false
8488735,1,2,2026-09-03,2027-09-03,false
0816379,1,2,2026-09-03,2027-09-03,false
5172758,1,2,2026-09-03,2027-09-03,false
7151164,1,2,2026-09-03,2027-09-03,false
7638702,1,2,2026-09-03,2027-09-03,false
7027609,1,2,2026-09-03,2027-09-03,false
4269897,1,2,2026-09-03,2027-09-03,false
9155313,1,2,2026-09-03,2027-09-03,false
3759832,1,2,2026-09-03,2027-09-03,false
6121734,1,2,2026-09-03,2027-09-03,false
9056838,1,2,2026-09-03,2027-09-03,false
2380528,1,2,2026-09-03,2027-09-03,false
0725444,1,2,2026-09-03,2027-09-03,false
5734802,1,2,2026-09-03,2027-09-03,false
6634344,1,2,2026-09-03,2027-09-03,false
6283750,1,2,2026-09-03,2027-09-03,false
8774444,1,2,2026-09-03,2027-09-03,false
4567544,1,2,2026-09-03,2027-09-03,false
1467365,1,2,2026-09-03,2027-09-03,false
1866951,1,2,2026-09-03,2027-09-03,false
0037418,1,2,2026-09-03,2027-09-03,false
2387382,1,2,2026-09-03,2027-09-03,false
1334681,1,2,2026-09-03,2027-09-03,false
1841618,1,2,2026-09-03,2027-09-03,false
4257267,1,2,2026-09-03,2027-09-03,false
5419734,1,2,2026-09-03,2027-09-03,false
8371471,1,2,2026-09-03,2027-09-03,false
2985678,1,2,2026-09-03,2027-09-03,false
6336185,1,2,2026-09-03,2027-09-03,false
5143383,1,2,2026-09-03,2027-09-03,false
2680250,1,2,2026-09-03,2027-09-03,false
0555392,1,2,2026-09-03,2027-09-03,false
9285347,1,2,2026-09-03,2027-09-03,false
7012368,1,2,2026-09-03,2027-09-03,false
4149582,1,2,2026-09-03,2027-09-03,false
9491186,1,2,2026-09-03,2027-09-03,false
9611991,1,2,2026-09-03,2027-09-03,false
6494003,1,2,2026-09-03,2027-09-03,false
4762511,1,2,2026-09-03,2027-09-03,false
4217040,1,2,2026-09-03,2027-09-03,false
4799390,1,2,2026-09-03,2027-09-03,false
9984015,1,2,2026-09-03,2027-09-03,false
7966523,1,2,2026-09-03,2027-09-03,false
3974250,1,2,2026-09-03,2027-09-03,false
6156096,1,2,2026-09-03,2027-09-03,false
0932828,1,2,2026-09-03,2027-09-03,false
4478753,1,2,2026-09-03,2027-09-03,false
2303773,1,2,2026-09-03,2027-09-03,false
5910137,1,2,2026-09-03,2027-09-03,false
7395579,1,2,2026-09-03,2027-09-03,false
0983297,1,2,2026-09-03,2027-09-03,false
2901040,1,2,2026-09-03,2027-09-03,false
7287581,1,2,2026-09-03,2027-09-03,false
2932593,1,2,2026-09-03,2027-09-03,false
8191919,1,2,2026-09-03,2027-09-03,false
6033485,1,2,2026-09-03,2027-09-03,false
3955405,1,2,2026-09-03,2027-09-03,false
3651912,1,2,2026-09-03,2027-09-03,false
7242324,1,2,2026-09-03,2027-09-03,false
6261255,1,2,2026-09-03,2027-09-03,false
0598385,1,2,2026-09-03,2027-09-03,false
9654480,1,2,2026-09-03,2027-09-03,false
0858437,1,2,2026-09-03,2027-09-03,false
6493339,1,2,2026-09-03,2027-09-03,false
8014743,1,2,2026-09-03,2027-09-03,false
6518341,1,2,2026-09-03,2027-09-03,false
5064839,1,2,2026-09-03,2027-09-03,false
8109787,1,2,2026-09-03,2027-09-03,false
2066423,1,2,2026-09-03,2027-09-03,false
4017844,1,2,2026-09-03,2027-09-03,false
0635718,1,2,2026-09-03,2027-09-03,false
7212379,1,2,2026-09-03,2027-09-03,false
6536306,1,2,2026-09-03,2027-09-03,false
0963353,1,2,2026-09-03,2027-09-03,false
7275551,1,2,2026-09-03,2027-09-03,false
0867381,1,2,2026-09-03,2027-09-03,false
7792722,1,2,2026-09-03,2027-09-03,false
9346156,1,2,2026-09-03,2027-09-03,false
6279022,1,2,2026-09-03,2027-09-03,false
3054475,1,2,2026-09-03,2027-09-03,false
5777916,1,2,2026-09-03,2027-09-03,false
3893518,1,2,2026-09-03,2027-09-03,false
3429075,1,2,2026-09-03,2027-09-03,false
1299736,1,2,2026-09-03,2027-09-03,false
5422073,1,2,2026-09-03,2027-09-03,false
0221353,1,2,2026-09-03,2027-09-03,false
1741262,1,2,2026-09-03,2027-09-03,false
6171457,1,2,2026-09-03,2027-09-03,false
1213988,1,2,2026-09-03,2027-09-03,false
9576808,1,2,2026-09-03,2027-09-03,false
7879822,1,2,2026-09-03,2027-09-03,false
2795695,1,2,2026-09-03,2027-09-03,false
6764080,1,2,2026-09-03,2027-09-03,false
4853852,1,2,2026-09-03,2027-09-03,false
2486528,1,2,2026-09-03,2027-09-03,false
7757601,1,2,2026-09-03,2027-09-03,false
2363853,1,2,2026-09-03,2027-09-03,false
4479580,1,2,2026-09-03,2027-09-03,false
8122763,1,2,2026-09-03,2027-09-03,false
7135996,1,2,2026-09-03,2027-09-03,false
6149124,1,2,2026-09-03,2027-09-03,false
0268743,1,2,2026-09-03,2027-09-03,false
6087628,1,2,2026-09-03,2027-09-03,false
7743623,1,2,2026-09-03,2027-09-03,false
3766028,1,2,2026-09-03,2027-09-03,false
3349536,1,2,2026-09-03,2027-09-03,false
4535977,1,2,2026-09-03,2027-09-03,false
9224643,1,2,2026-09-03,2027-09-03,false
8768281,1,2,2026-09-03,2027-09-03,false
3909765,1,2,2026-09-03,2027-09-03,false
9190017,1,2,2026-09-03,2027-09-03,false
7473711,1,2,2026-09-03,2027-09-03,false
4907646,1,2,2026-09-03,2027-09-03,false
1495993,1,2,2026-09-03,2027-09-03,false
9501052,1,2,2026-09-03,2027-09-03,false
7718318,1,2,2026-09-03,2027-09-03,false
5665147,1,2,2026-09-03,2027-09-03,false
5136213,1,2,2026-09-03,2027-09-03,false
8416596,1,2,2026-09-03,2027-09-03,false
0003226,1,2,2026-09-03,2027-09-03,false
8021490,1,2,2026-09-03,2027-09-03,false
4317931,1,2,2026-09-03,2027-09-03,false
7100270,1,2,2026-09-03,2027-09-03,false
3578691,1,2,2026-09-03,2027-09-03,false
3485487,1,2,2026-09-03,2027-09-03,false
1642260,1,2,2026-09-03,2027-09-03,false
5952993,1,2,2026-09-03,2027-09-03,false
4827953,1,2,2026-09-03,2027-09-03,false
3640038,1,2,2026-09-03,2027-09-03,false
5518107,1,2,2026-09-03,2027-09-03,false
1032588,1,2,2026-09-03,2027-09-03,false
6156111,1,2,2026-09-03,2027-09-03,false
0762363,1,2,2026-09-03,2027-09-03,false
2722473,1,2,2026-09-03,2027-09-03,false
7285643,1,2,2026-09-03,2027-09-03,false
4864859,1,2,2026-09-03,2027-09-03,false
7818580,1,2,2026-09-03,2027-09-03,false
6877208,1,2,2026-09-03,2027-09-03,false
1239280,1,2,2026-09-03,2027-09-03,false
9046822,1,2,2026-09-03,2027-09-03,false
9148872,1,2,2026-09-03,2027-09-03,false
7937333,1,2,2026-09-03,2027-09-03,false
2829313,1,2,2026-09-03,2027-09-03,false
3224412,1,2,2026-09-03,2027-09-03,false
0242389,1,2,2026-09-03,2027-09-03,false
0528390,1,2,2026-09-03,2027-09-03,false
2956112,1,2,2026-09-03,2027-09-03,false
4555313,1,2,2026-09-03,2027-09-03,false
4502828,1,2,2026-09-03,2027-09-03,false
1249990,1,2,2026-09-03,2027-09-03,false
0478466,1,2,2026-09-03,2027-09-03,false
1218244,1,2,2026-09-03,2027-09-03,false
4202225,1,2,2026-09-03,2027-09-03,false
5401823,1,2,2026-09-03,2027-09-03,false
3021015,1,2,2026-09-03,2027-09-03,false
5678602,1,2,2026-09-03,2027-09-03,false
7728447,1,2,2026-09-03,2027-09-03,false
0923961,1,2,2026-09-03,2027-09-03,false
6323650,1,2,2026-09-03,2027-09-03,false
7973072,1,2,2026-09-03,2027-09-03,false
8345540,1,2,2026-09-03,2027-09-03,false
3625323,1,2,2026-09-03,2027-09-03,false
0696332,1,2,2026-09-03,2027-09-03,false
9130119,1,2,2026-09-03,2027-09-03,false
3429048,1,2,2026-09-03,2027-09-03,false
3884484,1,2,2026-09-03,2027-09-03,false
6688746,1,2,2026-09-03,2027-09-03,false
7471445,1,2,2026-09-03,2027-09-03,false
6572338,1,2,2026-09-03,2027-09-03,false
6328245,1,2,2026-09-03,2027-09-03,false
2344767,1,2,2026-09-03,2027-09-03,false
8115894,1,2,2026-09-03,2027-09-03,false
6521853,1,2,2026-09-03,2027-09-03,false
0889603,1,2,2026-09-03,2027-09-03,false
0334367,1,2,2026-09-03,2027-09-03,false
1963712,1,2,2026-09-03,2027-09-03,false
4921399,1,2,2026-09-03,2027-09-03,false
3089256,1,2,2026-09-03,2027-09-03,false
6727835,1,2,2026-09-03,2027-09-03,false
0601269,1,2,2026-09-03,2027-09-03,false
4109885,1,2,2026-09-03,2027-09-03,false
1942200,1,2,2026-09-03,2027-09-03,false
3984526,1,2,2026-09-03,2027-09-03,false
1635683,1,2,2026-09-03,2027-09-03,false
3681583,1,2,2026-09-03,2027-09-03,false
4524419,1,2,2026-09-03,2027-09-03,false
6007961,1,2,2026-09-03,2027-09-03,false
8949980,1,2,2026-09-03,2027-09-03,false
4423823,1,2,2026-09-03,2027-09-03,false
1181779,1,2,2026-09-03,2027-09-03,false
3953671,1,2,2026-09-03,2027-09-03,false
7564562,1,2,2026-09-03,2027-09-03,false
2911495,1,2,2026-09-03,2027-09-03,false
4233834,1,2,2026-09-03,2027-09-03,false
1801841,1,2,2026-09-03,2027-09-03,false
8699894,1,2,2026-09-03,2027-09-03,false
7633656,1,2,2026-09-03,2027-09-03,false
3342032,1,2,2026-09-03,2027-09-03,false
6771658,1,2,2026-09-03,2027-09-03,false
7458072,1,2,2026-09-03,2027-09-03,false
0958818,1,2,2026-09-03,2027-09-03,false
1025275,1,2,2026-09-03,2027-09-03,false
8917673,1,2,2026-09-03,2027-09-03,false
2506930,1,2,2026-09-03,2027-09-03,false
5442579,1,2,2026-09-03,2027-09-03,false
1215923,1,2,2026-09-03,2027-09-03,false
1745617,1,2,2026-09-03,2027-09-03,false
0983152,1,2,2026-09-03,2027-09-03,false
5708260,1,2,2026-09-03,2027-09-03,false
6009881,1,2,2026-09-03,2027-09-03,false
9579076,1,2,2026-09-03,2027-09-03,false
2050635,1,2,2026-09-03,2027-09-03,false
1183623,1,2,2026-09-03,2027-09-03,false
0968650,1,2,2026-09-03,2027-09-03,false
1587059,1,2,2026-09-03,2027-09-03,false
0106331,1,2,2026-09-03,2027-09-03,false
6373910,1,2,2026-09-03,2027-09-03,false
1009972,1,2,2026-09-03,2027-09-03,false
5873762,1,2,2026-09-03,2027-09-03,false
0270806,1,2,2026-09-03,2027-09-03,false
0991146,1,2,2026-09-03,2027-09-03,false
1022173,1,2,2026-09-03,2027-09-03,false
4672867,1,2,2026-09-03,2027-09-03,false
2481164,1,2,2026-09-03,2027-09-03,false
7322977,1,2,2026-09-03,2027-09-03,false
1052000,1,2,2026-09-03,2027-09-03,false
2778089,1,2,2026-09-03,2027-09-03,false
2289743,1,2,2026-09-03,2027-09-03,false
2194165,1,2,2026-09-03,2027-09-03,false
2021154,1,2,2026-09-03,2027-09-03,false
0585571,1,2,2026-09-03,2027-09-03,false
9266805,1,2,2026-09-03,2027-09-03,false
3462405,1,2,2026-09-03,2027-09-03,false
6601338,1,2,2026-09-03,2027-09-03,false
0088215,1,2,2026-09-03,2027-09-03,false
3655022,1,2,2026-09-03,2027-09-03,false
5457845,1,2,2026-09-03,2027-09-03,false
6184366,1,2,2026-09-03,2027-09-03,false
8614227,1,2,2026-09-03,2027-09-03,false
7689511,1,2,2026-09-03,2027-09-03,false
9619818,1,2,2026-09-03,2027-09-03,false
0557133,1,2,2026-09-03,2027-09-03,false
9284057,1,2,2026-09-03,2027-09-03,false
4432957,1,2,2026-09-03,2027-09-03,false
3795055,1,2,2026-09-03,2027-09-03,false
6392683,1,2,2026-09-03,2027-09-03,false
7456606,1,2,2026-09-03,2027-09-03,false
4973125,1,2,2026-09-03,2027-09-03,false
8091694,1,2,2026-09-03,2027-09-03,false
3030292,1,2,2026-09-03,2027-09-03,false
2794054,1,2,2026-09-03,2027-09-03,false
3136613,1,2,2026-09-03,2027-09-03,false
3895089,1,2,2026-09-03,2027-09-03,false
8269873,1,2,2026-09-03,2027-09-03,false
6831895,1,2,2026-09-03,2027-09-03,false
1804834,1,2,2026-09-03,2027-09-03,false
7140230,1,2,2026-09-03,2027-09-03,false
7589915,1,2,2026-09-03,2027-09-03,false
9893621,1,2,2026-09-03,2027-09-03,false
7714815,1,2,2026-09-03,2027-09-03,false
5445694,1,2,2026-09-03,2027-09-03,false
5912287,1,2,2026-09-03,2027-09-03,false
1442112,1,2,2026-09-03,2027-09-03,false
1472871,1,2,2026-09-03,2027-09-03,false
0930665,1,2,2026-09-03,2027-09-03,false
2547569,1,2,2026-09-03,2027-09-03,false
0716370,1,2,2026-09-03,2027-09-03,false
8434136,1,2,2026-09-03,2027-09-03,false
3957070,1,2,2026-09-03,2027-09-03,false
0096607,1,2,2026-09-03,2027-09-03,false
7554928,1,2,2026-09-03,2027-09-03,false
0789632,1,2,2026-09-03,2027-09-03,false
6912879,1,2,2026-09-03,2027-09-03,false
9568327,1,2,2026-09-03,2027-09-03,false
8588033,1,2,2026-09-03,2027-09-03,false
6212693,1,2,2026-09-03,2027-09-03,false
3539042,1,2,2026-09-03,2027-09-03,false
4314776,1,2,2026-09-03,2027-09-03,false
7825983,1,2,2026-09-03,2027-09-03,false
3361417,1,2,2026-09-03,2027-09-03,false
1159322,1,2,2026-09-03,2027-09-03,false
8852491,1,2,2026-09-03,2027-09-03,false
9004342,1,2,2026-09-03,2027-09-03,false
2645869,1,2,2026-09-03,2027-09-03,false
0512780,1,2,2026-09-03,2027-09-03,false
8639530,1,2,2026-09-03,2027-09-03,false
0592782,1,2,2026-09-03,2027-09-03,false
5243247,1,2,2026-09-03,2027-09-03,false
5822670,1,2,2026-09-03,2027-09-03,false
2510121,1,2,2026-09-03,2027-09-03,false
2439669,1,2,2026-09-03,2027-09-03,false
5538039,1,2,2026-09-03,2027-09-03,false
4025676,1,2,2026-09-03,2027-09-03,false
8119392,1,2,2026-09-03,2027-09-03,false
6748856,1,2,2026-09-03,2027-09-03,false
0380205,1,2,2026-09-03,2027-09-03,false
7743953,1,2,2026-09-03,2027-09-03,false
1034546,1,2,2026-09-03,2027-09-03,false
0936031,1,2,2026-09-03,2027-09-03,false
7571586,1,2,2026-09-03,2027-09-03,false
3478998,1,2,2026-09-03,2027-09-03,false
9868931,1,2,2026-09-03,2027-09-03,false
3300027,1,2,2026-09-03,2027-09-03,false
9265362,1,2,2026-09-03,2027-09-03,false
7779807,1,2,2026-09-03,2027-09-03,false
9227697,1,2,2026-09-03,2027-09-03,false
4501652,1,2,2026-09-03,2027-09-03,false
0719932,1,2,2026-09-03,2027-09-03,false
6210418,1,2,2026-09-03,2027-09-03,false
0975293,1,2,2026-09-03,2027-09-03,false
6708275,1,2,2026-09-03,2027-09-03,false
6100308,1,2,2026-09-03,2027-09-03,false
3314597,1,2,2026-09-03,2027-09-03,false
7251779,1,2,2026-09-03,2027-09-03,false
6734711,1,2,2026-09-03,2027-09-03,false
6357206,1,2,2026-09-03,2027-09-03,false
0391495,1,2,2026-09-03,2027-09-03,false
9758549,1,2,2026-09-03,2027-09-03,false
2978122,1,2,2026-09-03,2027-09-03,false
5229153,1,2,2026-09-03,2027-09-03,false
6751897,1,2,2026-09-03,2027-09-03,false
8858605,1,2,2026-09-03,2027-09-03,false
1371375,1,2,2026-09-03,2027-09-03,false
5272393,1,2,2026-09-03,2027-09-03,false
9575298,1,2,2026-09-03,2027-09-03,false
7189912,1,2,2026-09-03,2027-09-03,false
2691353,1,2,2026-09-03,2027-09-03,false
9096199,1,2,2026-09-03,2027-09-03,false
1623743,1,2,2026-09-03,2027-09-03,false
2625725,1,2,2026-09-03,2027-09-03,false
6740973,1,2,2026-09-03,2027-09-03,false
8554674,1,2,2026-09-03,2027-09-03,false
4772628,1,2,2026-09-03,2027-09-03,false
1992095,1,2,2026-09-03,2027-09-03,false
8846561,1,2,2026-09-03,2027-09-03,false
1328107,1,2,2026-09-03,2027-09-03,false
7045122,1,2,2026-09-03,2027-09-03,false
2857031,1,2,2026-09-03,2027-09-03,false
2379082,1,2,2026-09-03,2027-09-03,false
9188246,1,2,2026-09-03,2027-09-03,false
2671698,1,2,2026-09-03,2027-09-03,false
1985536,1,2,2026-09-03,2027-09-03,false
7831222,1,2,2026-09-03,2027-09-03,false
6074693,1,2,2026-09-03,2027-09-03,false
5128041,1,2,2026-09-03,2027-09-03,false
3964700,1,2,2026-09-03,2027-09-03,false
1715221,1,2,2026-09-03,2027-09-03,false
9875121,1,2,2026-09-03,2027-09-03,false
6603205,1,2,2026-09-03,2027-09-03,false
5145219,1,2,2026-09-03,2027-09-03,false
2609081,1,2,2026-09-03,2027-09-03,false
6992832,1,2,2026-09-03,2027-09-03,false
2773275,1,2,2026-09-03,2027-09-03,false
3946612,1,2,2026-09-03,2027-09-03,false
2674151,1,2,2026-09-03,2027-09-03,false
3305462,1,2,2026-09-03,2027-09-03,false
9357034,1,2,2026-09-03,2027-09-03,false
2390383,1,2,2026-09-03,2027-09-03,false
6955077,1,2,2026-09-03,2027-09-03,false
6623726,1,2,2026-09-03,2027-09-03,false
3576491,1,2,2026-09-03,2027-09-03,false
0779883,1,2,2026-09-03,2027-09-03,false
2923178,1,2,2026-09-03,2027-09-03,false
6253554,1,2,2026-09-03,2027-09-03,false
0824774,1,2,2026-09-03,2027-09-03,false
6346133,1,2,2026-09-03,2027-09-03,false
1582176,1,2,2026-09-03,2027-09-03,false
8434768,1,2,2026-09-03,2027-09-03,false
1772564,1,2,2026-09-03,2027-09-03,false
2793978,1,2,2026-09-03,2027-09-03,false
5417881,1,2,2026-09-03,2027-09-03,false
3877502,1,2,2026-09-03,2027-09-03,false
7513896,1,2,2026-09-03,2027-09-03,false
0801779,1,2,2026-09-03,2027-09-03,false
9377596,1,2,2026-09-03,2027-09-03,false
0053174,1,2,2026-09-03,2027-09-03,false
6917077,1,2,2026-09-03,2027-09-03,false
6770941,1,2,2026-09-03,2027-09-03,false
6953678,1,2,2026-09-03,2027-09-03,false
3332935,1,2,2026-09-03,2027-09-03,false
4897632,1,2,2026-09-03,2027-09-03,false
8015941,1,2,2026-09-03,2027-09-03,false
5969525,1,2,2026-09-03,2027-09-03,false
0546621,1,2,2026-09-03,2027-09-03,false
9377084,1,2,2026-09-03,2027-09-03,false
0355890,1,2,2026-09-03,2027-09-03,false
0678132,1,2,2026-09-03,2027-09-03,false
1401010,1,2,2026-09-03,2027-09-03,false
7002820,1,2,2026-09-03,2027-09-03,false
9545846,1,2,2026-09-03,2027-09-03,false
6851797,1,2,2026-09-03,2027-09-03,false
2272027,1,2,2026-09-03,2027-09-03,false
7168443,1,2,2026-09-03,2027-09-03,false
4572260,1,2,2026-09-03,2027-09-03,false
8853271,1,2,2026-09-03,2027-09-03,false
7269961,1,2,2026-09-03,2027-09-03,false
1855357,1,2,2026-09-03,2027-09-03,false
5086845,1,2,2026-09-03,2027-09-03,false
1776460,1,2,2026-09-03,2027-09-03,false
8700610,1,2,2026-09-03,2027-09-03,false
9492469,1,2,2026-09-03,2027-09-03,false
0657232,1,2,2026-09-03,2027-09-03,false
3044351,1,2,2026-09-03,2027-09-03,false
0298360,1,2,2026-09-03,2027-09-03,false
4135151,1,2,2026-09-03,2027-09-03,false
2795720,1,2,2026-09-03,2027-09-03,false
8693642,1,2,2026-09-03,2027-09-03,false
2855536,1,2,2026-09-03,2027-09-03,false
1411033,1,2,2026-09-03,2027-09-03,false
9300294,1,2,2026-09-03,2027-09-03,false
5839245,1,2,2026-09-03,2027-09-03,false
6006322,1,2,2026-09-03,2027-09-03,false
9669098,1,2,2026-09-03,2027-09-03,false
6920667,1,2,2026-09-03,2027-09-03,false
0819078,1,2,2026-09-03,2027-09-03,false
6114872,1,2,2026-09-03,2027-09-03,false
0955626,1,2,2026-09-03,2027-09-03,false
2717655,1,2,2026-09-03,2027-09-03,false
9836321,1,2,2026-09-03,2027-09-03,false
9866839,1,2,2026-09-03,2027-09-03,false
9686637,1,2,2026-09-03,2027-09-03,false
6878524,1,2,2026-09-03,2027-09-03,false
4539240,1,2,2026-09-03,2027-09-03,false
4871111,1,2,2026-09-03,2027-09-03,false
5273824,1,2,2026-09-03,2027-09-03,false
1137882,1,2,2026-09-03,2027-09-03,false
2607869,1,2,2026-09-03,2027-09-03,false
4989859,1,2,2026-09-03,2027-09-03,false
2181764,1,2,2026-09-03,2027-09-03,false
0364184,1,2,2026-09-03,2027-09-03,false
5674380,1,2,2026-09-03,2027-09-03,false
6377554,1,2,2026-09-03,2027-09-03,false
1035523,1,2,2026-09-03,2027-09-03,false
4468173,1,2,2026-09-03,2027-09-03,false
9036806,1,2,2026-09-03,2027-09-03,false
7556102,1,2,2026-09-03,2027-09-03,false
3110125,1,2,2026-09-03,2027-09-03,false
1064216,1,2,2026-09-03,2027-09-03,false
8950475,1,2,2026-09-03,2027-09-03,false
3594639,1,2,2026-09-03,2027-09-03,false
8514162,1,2,2026-09-03,2027-09-03,false
3325044,1,2,2026-09-03,2027-09-03,false
0314183,1,2,2026-09-03,2027-09-03,false
0234885,1,2,2026-09-03,2027-09-03,false
5418902,1,2,2026-09-03,2027-09-03,false
8330554,1,2,2026-09-03,2027-09-03,false
6586490,1,2,2026-09-03,2027-09-03,false
1577402,1,2,2026-09-03,2027-09-03,false
6742576,1,2,2026-09-03,2027-09-03,false
5742645,1,2,2026-09-03,2027-09-03,false
4795502,1,2,2026-09-03,2027-09-03,false
4634855,1,2,2026-09-03,2027-09-03,false
5639800,1,2,2026-09-03,2027-09-03,false
5824875,1,2,2026-09-03,2027-09-03,false
5459122,1,2,2026-09-03,2027-09-03,false
6664043,1,2,2026-09-03,2027-09-03,false
2775392,1,2,2026-09-03,2027-09-03,false
3557581,1,2,2026-09-03,2027-09-03,false
5723802,1,2,2026-09-03,2027-09-03,false
9841108,1,2,2026-09-03,2027-09-03,false
8197221,1,2,2026-09-03,2027-09-03,false
7369037,1,2,2026-09-03,2027-09-03,false
7122020,1,2,2026-09-03,2027-09-03,false
5715334,1,2,2026-09-03,2027-09-03,false
1149362,1,2,2026-09-03,2027-09-03,false
2400384,1,2,2026-09-03,2027-09-03,false
2825170,1,2,2026-09-03,2027-09-03,false
2075738,1,2,2026-09-03,2027-09-03,false
5124242,1,2,2026-09-03,2027-09-03,false
6846645,1,2,2026-09-03,2027-09-03,false
9611887,1,2,2026-09-03,2027-09-03,false
1434967,1,2,2026-09-03,2027-09-03,false
9157031,1,2,2026-09-03,2027-09-03,false
4598205,1,2,2026-09-03,2027-09-03,false
6820937,1,2,2026-09-03,2027-09-03,false
5484465,1,2,2026-09-03,2027-09-03,false
0968079,1,2,2026-09-03,2027-09-03,false
5179386,1,2,2026-09-03,2027-09-03,false
1847505,1,2,2026-09-03,2027-09-03,false
8534001,1,2,2026-09-03,2027-09-03,false
3412686,1,2,2026-09-03,2027-09-03,false
6384439,1,2,2026-09-03,2027-09-03,false
7656976,1,2,2026-09-03,2027-09-03,false
8829998,1,2,2026-09-03,2027-09-03,false
1372173,1,2,2026-09-03,2027-09-03,false
8081926,1,2,2026-09-03,2027-09-03,false
6697634,1,2,2026-09-03,2027-09-03,false
2778224,1,2,2026-09-03,2027-09-03,false
2326397,1,2,2026-09-03,2027-09-03,false
5491295,1,2,2026-09-03,2027-09-03,false
7321135,1,2,2026-09-03,2027-09-03,false
3343097,1,2,2026-09-03,2027-09-03,false
9941108,1,2,2026-09-03,2027-09-03,false
6239099,1,2,2026-09-03,2027-09-03,false
6322177,1,2,2026-09-03,2027-09-03,false
2877710,1,2,2026-09-03,2027-09-03,false
6495431,1,2,2026-09-03,2027-09-03,false
1275010,1,2,2026-09-03,2027-09-03,false
1059853,1,2,2026-09-03,2027-09-03,false
9339979,1,2,2026-09-03,2027-09-03,false
9952560,1,2,2026-09-03,2027-09-03,false
5050883,1,2,2026-09-03,2027-09-03,false
7122234,1,2,2026-09-03,2027-09-03,false
7276805,1,2,2026-09-03,2027-09-03,false
3035694,1,2,2026-09-03,2027-09-03,false
8500391,1,2,2026-09-03,2027-09-03,false
0609829,1,2,2026-09-03,2027-09-03,false
3296003,1,2,2026-09-03,2027-09-03,false
6043618,1,2,2026-09-03,2027-09-03,false
2877553,1,2,2026-09-03,2027-09-03,false
8375456,1,2,2026-09-03,2027-09-03,false
5299878,1,2,2026-09-03,2027-09-03,false
7605806,1,2,2026-09-03,2027-09-03,false
3414155,1,2,2026-09-03,2027-09-03,false
7329565,1,2,2026-09-03,2027-09-03,false
2304313,1,2,2026-09-03,2027-09-03,false
3606254,1,2,2026-09-03,2027-09-03,false
1147317,1,2,2026-09-03,2027-09-03,false
7135597,1,2,2026-09-03,2027-09-03,false
9928932,1,2,2026-09-03,2027-09-03,false
8335845,1,2,2026-09-03,2027-09-03,false
5284313,1,2,2026-09-03,2027-09-03,false
6221135,1,2,2026-09-03,2027-09-03,false
6577546,1,2,2026-09-03,2027-09-03,false
6419352,1,2,2026-09-03,2027-09-03,false
8412419,1,2,2026-09-03,2027-09-03,false
4288467,1,2,2026-09-03,2027-09-03,false
0255066,1,2,2026-09-03,2027-09-03,false
6789569,1,2,2026-09-03,2027-09-03,false
0888153,1,2,2026-09-03,2027-09-03,false
0938247,1,2,2026-09-03,2027-09-03,false
2491936,1,2,2026-09-03,2027-09-03,false
2567649,1,2,2026-09-03,2027-09-03,false
6444995,1,2,2026-09-03,2027-09-03,false
1109898,1,2,2026-09-03,2027-09-03,false
6641052,1,2,2026-09-03,2027-09-03,false
6745804,1,2,2026-09-03,2027-09-03,false
8687207,1,2,2026-09-03,2027-09-03,false
2784590,1,2,2026-09-03,2027-09-03,false
6637167,1,2,2026-09-03,2027-09-03,false
2244076,1,2,2026-09-03,2027-09-03,false
7082757,1,2,2026-09-03,2027-09-03,false
6320201,1,2,2026-09-03,2027-09-03,false
3492426,1,2,2026-09-03,2027-09-03,false
7768044,1,2,2026-09-03,2027-09-03,false
9461759,1,2,2026-09-03,2027-09-03,false
7115626,1,2,2026-09-03,2027-09-03,false
5173676,1,2,2026-09-03,2027-09-03,false
6832896,1,2,2026-09-03,2027-09-03,false
6816297,1,2,2026-09-03,2027-09-03,false
5792460,1,2,2026-09-03,2027-09-03,false
6506807,1,2,2026-09-03,2027-09-03,false
1309671,1,2,2026-09-03,2027-09-03,false
1278734,1,2,2026-09-03,2027-09-03,false
3730729,1,2,2026-09-03,2027-09-03,false
2449921,1,2,2026-09-03,2027-09-03,false
7095356,1,2,2026-09-03,2027-09-03,false
0932525,1,2,2026-09-03,2027-09-03,false
4034500,1,2,2026-09-03,2027-09-03,false
9105869,1,2,2026-09-03,2027-09-03,false
0102806,1,2,2026-09-03,2027-09-03,false
6564001,1,2,2026-09-03,2027-09-03,false
9257441,1,2,2026-09-03,2027-09-03,false
4187243,1,2,2026-09-03,2027-09-03,false
5333307,1,2,2026-09-03,2027-09-03,false
3574868,1,2,2026-09-03,2027-09-03,false
0134281,1,2,2026-09-03,2027-09-03,false
3970457,1,2,2026-09-03,2027-09-03,false
8939058,1,2,2026-09-03,2027-09-03,false
0160968,1,2,2026-09-03,2027-09-03,false
4878132,1,2,2026-09-03,2027-09-03,false
0816130,1,2,2026-09-03,2027-09-03,false
0880218,1,2,2026-09-03,2027-09-03,false
0522477,1,2,2026-09-03,2027-09-03,false
3033822,1,2,2026-09-03,2027-09-03,false
0892857,1,2,2026-09-03,2027-09-03,false
6759518,1,2,2026-09-03,2027-09-03,false
0959551,1,2,2026-09-03,2027-09-03,false
8695128,1,2,2026-09-03,2027-09-03,false
3409952,1,2,2026-09-03,2027-09-03,false
8345003,1,2,2026-09-03,2027-09-03,false
5854998,1,2,2026-09-03,2027-09-03,false
6026767,1,2,2026-09-03,2027-09-03,false
1469352,1,2,2026-09-03,2027-09-03,false
1946853,1,2,2026-09-03,2027-09-03,false
9130640,1,2,2026-09-03,2027-09-03,false
3158628,1,2,2026-09-03,2027-09-03,false
7806772,1,2,2026-09-03,2027-09-03,false
3748825,1,2,2026-09-03,2027-09-03,false
1153917,1,2,2026-09-03,2027-09-03,false
6474693,1,2,2026-09-03,2027-09-03,false
5883271,1,2,2026-09-03,2027-09-03,false
8707340,1,2,2026-09-03,2027-09-03,false
9606106,1,2,2026-09-03,2027-09-03,false
5200938,1,2,2026-09-03,2027-09-03,false
8634794,1,2,2026-09-03,2027-09-03,false
5092363,1,2,2026-09-03,2027-09-03,false
3389767,1,2,2026-09-03,2027-09-03,false
7310465,1,2,2026-09-03,2027-09-03,false
2364367,1,2,2026-09-03,2027-09-03,false
5121886,1,2,2026-09-03,2027-09-03,false
7042492,1,2,2026-09-03,2027-09-03,false
0062282,1,2,2026-09-03,2027-09-03,false
6371521,1,2,2026-09-03,2027-09-03,false
7059561,1,2,2026-09-03,2027-09-03,false
0973708,1,2,2026-09-03,2027-09-03,false
9935701,1,2,2026-09-03,2027-09-03,false
9540373,1,2,2026-09-03,2027-09-03,false
4783576,1,2,2026-09-03,2027-09-03,false
9954203,1,2,2026-09-03,2027-09-03,false
2878061,1,2,2026-09-03,2027-09-03,false
7798985,1,2,2026-09-03,2027-09-03,false
6036433,1,2,2026-09-03,2027-09-03,false
5338300,1,2,2026-09-03,2027-09-03,false
3841431,1,2,2026-09-03,2027-09-03,false
4927808,1,2,2026-09-03,2027-09-03,false
1407438,1,2,2026-09-03,2027-09-03,false
6703209,1,2,2026-09-03,2027-09-03,false
2621194,1,2,2026-09-03,2027-09-03,false
8921943,1,2,2026-09-03,2027-09-03,false
4499267,1,2,2026-09-03,2027-09-03,false
9771529,1,2,2026-09-03,2027-09-03,false
6865709,1,2,2026-09-03,2027-09-03,false
6448612,1,2,2026-09-03,2027-09-03,false
6850353,1,2,2026-09-03,2027-09-03,false
8588689,1,2,2026-09-03,2027-09-03,false
0086742,1,2,2026-09-03,2027-09-03,false
0293411,1,2,2026-09-03,2027-09-03,false
3470484,1,2,2026-09-03,2027-09-03,false
4415318,1,2,2026-09-03,2027-09-03,false
5819453,1,2,2026-09-03,2027-09-03,false
7773163,1,2,2026-09-03,2027-09-03,false
6509790,1,2,2026-09-03,2027-09-03,false
8962175,1,2,2026-09-03,2027-09-03,false
8872512,1,2,2026-09-03,2027-09-03,false
6347266,1,2,2026-09-03,2027-09-03,false
1532256,1,2,2026-09-03,2027-09-03,false
7691013,1,2,2026-09-03,2027-09-03,false
5259117,1,2,2026-09-03,2027-09-03,false
2466347,1,2,2026-09-03,2027-09-03,false
5256466,1,2,2026-09-03,2027-09-03,false
5917685,1,2,2026-09-03,2027-09-03,false
1012069,1,2,2026-09-03,2027-09-03,false
5797541,1,2,2026-09-03,2027-09-03,false
4276101,1,2,2026-09-03,2027-09-03,false
4746845,1,2,2026-09-03,2027-09-03,false
7578986,1,2,2026-09-03,2027-09-03,false
7386450,1,2,2026-09-03,2027-09-03,false
8791025,1,2,2026-09-03,2027-09-03,false
4770699,1,2,2026-09-03,2027-09-03,false
2155863,1,2,2026-09-03,2027-09-03,false
4656031,1,2,2026-09-03,2027-09-03,false
0940645,1,2,2026-09-03,2027-09-03,false
3904123,1,2,2026-09-03,2027-09-03,false
9767028,1,2,2026-09-03,2027-09-03,false
7889005,1,2,2026-09-03,2027-09-03,false
9826327,1,2,2026-09-03,2027-09-03,false
9976396,1,2,2026-09-03,2027-09-03,false
0956258,1,2,2026-09-03,2027-09-03,false
7154854,1,2,2026-09-03,2027-09-03,false
8332127,1,2,2026-09-03,2027-09-03,false
4045154,1,2,2026-09-03,2027-09-03,false
0293668,1,2,2026-09-03,2027-09-03,false
6542055,1,2,2026-09-03,2027-09-03,false
0512454,1,2,2026-09-03,2027-09-03,false
7349922,1,2,2026-09-03,2027-09-03,false
6924732,1,2,2026-09-03,2027-09-03,false
2415304,1,2,2026-09-03,2027-09-03,false
7618232,1,2,2026-09-03,2027-09-03,false
9118405,1,2,2026-09-03,2027-09-03,false
4671512,1,2,2026-09-03,2027-09-03,false
3956424,1,2,2026-09-03,2027-09-03,false
7812086,1,2,2026-09-03,2027-09-03,false
3886512,1,2,2026-09-03,2027-09-03,false
2248001,1,2,2026-09-03,2027-09-03,false
7057127,1,2,2026-09-03,2027-09-03,false
8396884,1,2,2026-09-03,2027-09-03,false
5521308,1,2,2026-09-03,2027-09-03,false
3366464,1,2,2026-09-03,2027-09-03,false
4355301,1,2,2026-09-03,2027-09-03,false
5882026,1,2,2026-09-03,2027-09-03,false
6333021,1,2,2026-09-03,2027-09-03,false
9315570,1,2,2026-09-03,2027-09-03,false
8708132,1,2,2026-09-03,2027-09-03,false
6091465,1,2,2026-09-03,2027-09-03,false
3005213,1,2,2026-09-03,2027-09-03,false
4060386,1,2,2026-09-03,2027-09-03,false
6026122,1,2,2026-09-03,2027-09-03,false
2349986,1,2,2026-09-03,2027-09-03,false
2883873,1,2,2026-09-03,2027-09-03,false
2082984,1,2,2026-09-03,2027-09-03,false
8809095,1,2,2026-09-03,2027-09-03,false
7269104,1,2,2026-09-03,2027-09-03,false
8403478,1,2,2026-09-03,2027-09-03,false
1862296,1,2,2026-09-03,2027-09-03,false
2872000,1,2,2026-09-03,2027-09-03,false
0840583,1,2,2026-09-03,2027-09-03,false
7934631,1,2,2026-09-03,2027-09-03,false
8961569,1,2,2026-09-03,2027-09-03,false
2999857,1,2,2026-09-03,2027-09-03,false
4448462,1,2,2026-09-03,2027-09-03,false
0011996,1,2,2026-09-03,2027-09-03,false
3059411,1,2,2026-09-03,2027-09-03,false
3083358,1,2,2026-09-03,2027-09-03,false
6007446,1,2,2026-09-03,2027-09-03,false
